main,4007f6,7,0,0,0,46875,0,1,0,4,0,127,1,4
main,4007f6,6,0,0,0,46875,0,1,0,11,0,127,1,11
main,4007f7,9,0,0,0,46875,0,1,0,11,0,127,1,11
main,4007f7,19,0,0,0,46875,0,1,0,11,0,127,1,11
main,4007fa,1,1,0,0,46875,0,0,1,0,0,0,0,0
main,4007fa,31,0,0,0,46875,0,1,0,11,0,127,1,11
main,400801,10,0,0,0,46875,0,1,0,6,0,127,1,6
main,400801,44,0,0,0,46875,0,1,0,11,0,127,1,11
main,400808,9,0,0,0,46875,0,1,0,6,0,127,1,6
main,400808,1,0,0,0,46875,0,1,0,6,0,127,1,6
main,40080a,26,0,0,0,46875,0,1,0,6,0,127,1,6
main,40080a,11,0,0,0,46875,0,1,0,11,0,127,1,11
main,40080e,2,0,1,416997,46875,0,0,1,0,0,0,0,0
main,40080e,11,1,0,0,46875,0,0,1,0,0,0,0,0
main,400810,27,0,1,416997,46875,0,0,1,0,0,0,0,0
main,400810,14,0,0,0,46875,0,1,0,11,0,127,1,11
main,400817,0,0,1,416997,46875,0,0,1,0,0,0,0,0
main,400817,2,0,1,416997,46875,0,0,1,0,0,0,0,0
main,400818,44,0,0,0,46875,0,1,0,4,0,127,1,4
main,400818,16,0,1,416997,46875,0,0,1,0,0,0,0,0
main,40081f,3,0,0,0,46875,0,1,0,8,0,127,1,8
main,40081f,0,0,0,0,46875,0,1,0,4,0,127,1,4
main,400820,47,0,0,0,46875,0,1,0,4,0,127,1,4
main,400820,37,0,0,0,46875,0,1,0,11,0,127,1,11
main,400827,2,0,1,415965,46875,0,0,1,0,0,0,0,0
main,400827,2,0,1,415965,46875,0,0,1,0,0,0,0,0
main,400828,54,0,1,415966,46875,0,0,1,0,0,0,0,0
main,400828,27,0,1,415966,46875,0,0,1,0,0,0,0,0
main,40082f,3,0,0,0,46875,0,1,0,8,0,127,1,8
main,40082f,3,0,0,0,46875,0,1,0,8,0,127,1,8
main,400830,33,0,0,0,46875,0,1,0,4,0,127,1,4
main,400830,42,0,0,0,46875,0,1,0,11,0,127,1,11
main,400837,2,0,1,416859,46875,0,0,1,0,0,0,0,0
main,400837,2,0,1,416859,46875,0,0,1,0,0,0,0,0
main,400838,45,0,0,0,46875,0,1,0,4,0,127,1,4
main,400838,23,0,1,416859,46875,0,0,1,0,0,0,0,0
main,40083f,1,0,1,416859,46875,0,0,1,0,0,0,0,0
main,40083f,0,0,0,0,46875,0,1,0,4,0,127,1,4
main,400840,51,0,1,416859,46875,0,0,1,0,0,0,0,0
main,400840,2,0,0,0,46875,0,1,0,11,0,127,1,11
main,400847,1,0,1,416859,46875,0,0,1,0,0,0,0,0
main,400847,1,0,1,416859,46875,0,0,1,0,0,0,0,0
main,400848,5,0,0,0,46875,0,1,0,11,0,127,1,11
main,400848,7,0,1,415960,46875,0,0,1,0,0,0,0,0
main,40084f,0,0,0,0,46875,0,1,0,4,0,127,1,4
main,40084f,1,0,1,415960,46875,0,0,1,0,0,0,0,0
main,400850,6,0,0,0,46875,0,1,0,11,0,127,1,11
main,400850,44,0,0,0,46875,0,1,0,4,0,127,1,4
main,400857,3,0,1,412448,46875,0,0,1,0,0,0,0,0
main,400857,2,0,1,412448,46875,0,0,1,0,0,0,0,0
main,400858,45,0,0,0,46875,0,1,0,4,0,127,1,4
main,400858,54,0,1,402705,46875,0,0,1,0,0,0,0,0
main,40085f,3,0,0,0,46875,0,1,0,8,0,127,1,8
main,40085f,0,0,0,0,46875,0,1,0,4,0,127,1,4
main,400860,36,0,1,6,46875,0,0,1,0,0,0,0,0
main,400860,9,0,0,0,46875,0,1,0,11,0,127,1,11
main,400867,2,0,1,7,46875,0,0,1,0,0,0,0,0
main,400867,2,0,1,7,46875,0,0,1,0,0,0,0,0
main,400868,36,0,1,6,46875,0,0,1,0,0,0,0,0
main,400868,17,0,0,0,46875,0,1,0,4,0,127,1,4
main,40086f,1,0,1,6,46875,0,0,1,0,0,0,0,0
main,40086f,1,0,1,6,46875,0,0,1,0,0,0,0,0
main,400870,4,0,0,0,46875,0,1,0,11,0,127,1,11
main,400870,47,0,0,0,46875,0,1,0,4,0,127,1,4
main,400877,0,0,1,7,46875,0,0,1,0,0,0,0,0
main,400877,1,0,1,7,46875,0,0,1,0,0,0,0,0
main,400878,6,0,1,7,46875,0,0,1,0,0,0,0,0
main,400878,9,0,1,7,46875,0,0,1,0,0,0,0,0
main,40087d,17,1,0,0,46875,0,0,1,0,0,0,0,0
main,40087d,49,1,0,0,46875,0,0,1,0,0,0,0,0
main,400884,0,0,1,412445,46875,0,0,1,0,0,0,0,0
main,400884,3,0,1,412445,46875,0,0,1,0,0,0,0,0
main,400885,22,0,1,2,46875,0,0,1,0,0,0,0,0
main,400885,25,0,0,0,46875,0,1,0,11,0,127,1,11
main,40088a,38,0,0,0,46875,0,1,0,11,0,127,1,11
main,40088a,23,0,0,0,46875,0,1,0,11,0,127,1,11
main,400891,2,0,1,412428,46875,0,0,1,0,0,0,0,0
main,400891,0,0,1,412428,46875,0,0,1,0,0,0,0,0
main,400892,3,0,0,0,46875,0,1,0,11,0,127,1,11
main,400892,30,0,0,0,46875,0,1,0,11,0,127,1,11
main,400897,7,0,0,0,46875,0,1,0,11,0,127,1,11
main,400897,24,0,0,0,46875,0,1,0,11,0,127,1,11
main,40089e,0,0,1,6,46875,0,0,1,0,0,0,0,0
main,40089e,2,0,1,6,46875,0,0,1,0,0,0,0,0
main,40089f,28,0,1,6,46875,0,0,1,0,0,0,0,0
main,40089f,24,0,0,0,46875,0,1,0,11,0,127,1,11
main,4008a4,35,0,0,0,46875,0,1,0,11,0,127,1,11
main,4008a4,51,0,1,7,46875,0,0,1,0,0,0,0,0
main,4008ab,2,0,1,7,46875,0,0,1,0,0,0,0,0
main,4008ab,3,0,1,7,46875,0,0,1,0,0,0,0,0
main,4008ac,12,0,0,0,46875,0,1,0,4,0,127,1,4
main,4008ac,20,0,0,0,46875,0,1,0,11,0,127,1,11
main,4008b1,12,0,0,0,46875,0,1,0,4,0,127,1,4
main,4008b1,0,0,1,7,46875,0,0,1,0,0,0,0,0
main,4008b8,3,0,1,412427,46875,0,0,1,0,0,0,0,0
main,4008b8,0,0,1,412427,46875,0,0,1,0,0,0,0,0
main,4008b9,26,0,0,0,46875,0,1,0,11,0,127,1,11
main,4008b9,26,0,0,0,46875,0,1,0,11,0,127,1,11
main,4008be,46,0,0,0,46875,0,1,0,11,0,127,1,11
main,4008be,35,0,0,0,46875,0,1,0,11,0,127,1,11
main,4008c5,3,0,1,7,46875,0,0,1,0,0,0,0,0
main,4008c5,2,0,1,7,46875,0,0,1,0,0,0,0,0
main,4008c6,34,0,0,0,46875,0,1,0,11,0,127,1,11
main,4008c6,18,0,0,0,46875,0,1,0,4,0,127,1,4
main,4008cb,43,0,0,0,46875,0,1,0,4,0,127,1,4
main,4008cb,33,0,0,0,46875,0,1,0,4,0,127,1,4
main,4008d2,1,0,1,412408,46875,0,0,1,0,0,0,0,0
main,4008d2,2,0,1,412408,46875,0,0,1,0,0,0,0,0
main,4008d3,37,0,0,0,46875,0,1,0,11,0,127,1,11
main,4008d3,12,0,0,0,46875,0,1,0,4,0,127,1,4
main,4008d8,20,0,0,0,46875,0,1,0,11,0,127,1,11
main,4008d8,36,0,0,0,46875,0,1,0,11,0,127,1,11
main,4008df,1,0,1,7,46875,0,0,1,0,0,0,0,0
main,4008df,0,0,1,7,46875,0,0,1,0,0,0,0,0
main,4008e0,6,0,1,4,46875,0,0,1,0,0,0,0,0
main,4008e0,1,0,0,0,46875,0,1,0,4,0,127,1,4
main,4008e5,49,1,0,0,46875,0,0,1,0,0,0,0,0
main,4008e5,41,0,0,0,46875,0,1,0,11,0,127,1,11
main,4008ec,0,0,1,409742,46875,0,0,1,0,0,0,0,0
main,4008ec,3,0,1,409742,46875,0,0,1,0,0,0,0,0
main,4008ed,0,0,1,415911,46875,0,0,1,0,0,0,0,0
main,4008ed,9,0,1,415225,46875,0,0,1,0,0,0,0,0
main,4008f2,31,0,1,25024,46875,0,0,1,0,0,0,0,0
main,4008f2,53,0,0,0,46875,0,1,0,4,0,127,1,4
main,4008f9,1,0,1,25671,46875,0,1,0,4,0,127,1,4
main,4008f9,3,0,1,25671,46875,0,1,0,4,0,127,1,4
main,4008fa,17,0,0,0,46875,0,1,0,11,0,127,1,11
main,4008fa,19,0,0,0,46875,0,1,0,4,0,127,1,4
main,400901,1,0,0,0,46875,0,1,0,4,0,127,1,4
main,400901,3,0,0,0,46875,0,1,0,4,0,127,1,4
main,400902,7,0,0,0,46875,0,1,0,4,0,127,1,4
main,400902,16,0,1,414192,46875,0,0,1,0,0,0,0,0
main,400907,17,0,0,0,46875,0,1,0,11,0,127,1,11
main,400907,33,0,0,0,46875,0,1,0,4,0,127,1,4
main,40090c,26,0,1,4,46875,0,1,0,6,0,127,1,6
main,40090c,5,0,0,0,46875,0,1,0,11,0,127,1,11
main,400910,50,0,0,0,46875,0,1,0,11,0,127,1,11
main,400910,43,0,0,0,46875,1,1,0,0,1,9,0,0
main,400917,11,0,0,0,46875,0,1,0,4,0,127,1,4
main,400917,40,0,0,0,46875,0,1,0,4,0,127,1,4
main,40091e,0,0,0,0,46875,0,1,0,4,0,127,1,4
main,40091e,3,0,0,0,46875,0,1,0,8,0,127,1,8
main,40091f,4,0,1,415960,46875,0,0,1,0,0,0,0,0
main,40091f,53,0,0,0,46875,0,1,0,11,0,127,1,11
main,400926,3,0,0,0,46875,0,1,0,8,0,127,1,8
main,400926,3,0,0,0,46875,0,1,0,8,0,127,1,8
main,400927,38,0,1,415321,46875,0,0,1,0,0,0,0,0
main,400927,24,0,0,0,46875,0,1,0,11,0,127,1,11
main,40092e,0,0,0,0,46875,0,1,0,11,0,127,1,11
main,40092e,3,0,0,0,46875,0,1,0,11,0,127,1,11
main,40092f,52,0,0,0,46875,0,1,0,11,0,127,1,11
main,40092f,37,0,0,0,46875,0,1,0,4,0,127,1,4
main,400936,12,0,0,0,46875,0,1,0,4,0,127,1,4
main,400936,11,0,0,0,46875,0,1,0,11,0,127,1,11
main,400939,2,0,0,0,46875,0,1,0,11,0,127,1,11
main,400939,13,0,1,412558,46875,0,0,1,0,0,0,0,0
main,40093c,30,0,0,0,46875,0,1,0,11,0,127,1,11
main,40093c,11,0,0,0,46875,0,1,0,4,0,127,1,4
main,400940,25,0,1,416859,46875,0,0,1,0,0,0,0,0
main,400940,3,0,0,0,46875,0,1,0,11,0,127,1,11
main,400944,27,0,1,414340,46875,0,0,1,0,0,0,0,0
main,400944,16,0,1,414340,46875,0,0,1,0,0,0,0,0
main,400948,44,0,0,0,46875,0,1,0,11,0,127,1,11
main,400948,28,0,1,416997,46875,0,0,1,0,0,0,0,0
main,40094f,41,0,0,0,46875,0,1,0,4,0,127,1,4
main,40094f,38,0,1,416858,46875,0,0,1,0,0,0,0,0
main,400956,1,0,1,416858,46875,0,0,1,0,0,0,0,0
main,400956,0,0,0,0,46875,0,1,0,4,0,127,1,4
main,400957,34,0,0,0,46875,0,1,0,11,0,127,1,11
main,400957,4,0,0,0,46875,0,1,0,4,0,127,1,4
main,40095c,4,0,0,0,46875,0,1,0,11,0,127,1,11
main,40095c,34,0,0,0,46875,0,1,0,11,0,127,1,11
main,400961,27,1,0,0,46875,0,0,1,0,0,0,0,0
main,400961,16,1,0,0,46875,0,0,1,0,0,0,0,0
main,400966,23,0,0,0,46875,0,1,0,11,0,127,1,11
main,400966,11,0,0,0,46875,0,1,0,11,0,127,1,11
main,40096b,3,0,0,0,46875,0,1,0,11,0,127,1,11
main,40096b,29,1,0,0,46875,0,0,1,0,0,0,0,0
main,400972,19,0,1,421987,46875,0,0,1,0,0,0,0,0
main,400972,16,0,1,421987,46875,0,0,1,0,0,0,0,0
main,400975,8,0,0,0,46875,0,1,0,11,0,127,1,11
main,400975,7,0,0,0,46875,0,1,0,11,0,127,1,11
main,400977,5,0,0,0,46875,0,1,0,11,0,127,1,11
main,400977,28,0,1,2,46875,0,0,1,0,0,0,0,0
main,40097d,11,1,0,0,46875,0,0,1,0,0,0,0,0
main,40097d,15,0,0,0,46875,0,1,0,11,0,127,1,11
main,40097f,34,0,1,4,46875,0,0,1,0,0,0,0,0
main,40097f,1,0,0,0,46875,0,1,0,11,0,127,1,11
main,400984,42,0,1,4,46875,0,0,1,0,0,0,0,0
main,400984,51,0,1,4,46875,0,0,1,0,0,0,0,0
main,40098b,21,0,0,0,46875,0,1,0,11,0,127,1,11
main,40098b,53,0,0,0,46875,0,1,0,11,0,127,1,11
main,400992,3,0,0,0,46875,0,1,0,11,0,127,1,11
main,400992,1,0,0,0,46875,0,1,0,11,0,127,1,11
main,400993,18,0,1,2,46875,0,0,1,0,0,0,0,0
main,400993,28,0,0,0,46875,0,1,0,11,0,127,1,11
main,400998,23,1,0,0,46875,0,0,1,0,0,0,0,0
main,400998,11,1,0,0,46875,0,0,1,0,0,0,0,0
main,40099d,8,0,1,422472,46875,0,0,1,0,0,0,0,0
main,40099d,9,0,0,0,46875,0,1,0,4,0,127,1,4
main,4009a2,48,0,1,415959,46875,0,0,1,0,0,0,0,0
main,4009a2,20,0,1,397906,46875,1,1,0,0,1,9,0,0
main,4009a9,43,0,1,415332,46875,0,0,1,0,0,0,0,0
main,4009a9,19,0,1,421987,46875,0,0,1,0,0,0,0,0
main,4009af,5,0,1,395857,46875,0,1,0,11,0,127,1,11
main,4009af,26,0,1,48978,46875,0,1,0,11,0,127,1,11
main,4009b5,14,0,0,0,46875,0,1,0,11,0,127,1,11
main,4009b5,8,0,0,0,46875,0,1,0,11,0,127,1,11
main,4009b7,24,1,0,0,46875,0,0,1,0,0,0,0,0
main,4009b7,18,1,0,0,46875,0,0,1,0,0,0,0,0
main,4009bc,8,1,0,0,46875,0,0,1,0,0,0,0,0
main,4009bc,8,1,0,0,46875,0,0,1,0,0,0,0,0
main,4009c1,25,0,1,2,46875,0,0,1,0,0,0,0,0
main,4009c1,13,0,0,0,46875,0,1,0,11,0,127,1,11
main,4009c5,53,0,0,0,46875,0,1,0,11,0,127,1,11
main,4009c5,20,0,0,0,46875,0,1,0,11,0,127,1,11
main,4009cc,4,0,0,0,46875,0,1,0,11,0,127,1,11
main,4009cc,23,0,1,2,46875,0,0,1,0,0,0,0,0
main,4009d1,30,0,0,0,46875,0,1,0,11,0,127,1,11
main,4009d1,23,0,1,7,46875,0,0,1,0,0,0,0,0
main,4009d6,42,0,0,0,46875,0,1,0,11,0,127,1,11
main,4009d6,27,0,1,6,46875,0,0,1,0,0,0,0,0
main,4009dd,0,0,0,0,46875,0,1,0,11,0,127,1,11
main,4009dd,1,0,1,6,46875,0,0,1,0,0,0,0,0
main,4009de,20,0,0,0,46875,0,1,0,11,0,127,1,11
main,4009de,6,0,0,0,46875,0,1,0,11,0,127,1,11
main,4009e5,17,0,1,397925,46875,1,1,0,0,1,9,0,0
main,4009e5,11,0,0,0,46875,0,1,0,11,0,127,1,11
main,4009e8,2,0,0,0,46875,0,1,0,11,0,127,1,11
main,4009e8,10,0,0,0,46875,0,1,0,4,0,127,1,4
main,4009eb,21,0,0,0,46875,0,1,0,11,0,127,1,11
main,4009eb,2,0,0,0,46875,0,1,0,4,0,127,1,4
main,4009ef,30,0,0,0,46875,0,1,0,11,0,127,1,11
main,4009ef,16,0,1,161574,46875,0,0,1,0,0,0,0,0
main,4009f3,21,0,0,0,46875,0,1,0,11,0,127,1,11
main,4009f3,19,0,0,0,46875,0,1,0,4,0,127,1,4
main,4009f7,35,0,1,7,46875,0,0,1,0,0,0,0,0
main,4009f7,20,0,1,402705,46875,0,0,1,0,0,0,0,0
main,4009fe,4,0,0,0,46875,0,1,0,11,0,127,1,11
main,4009fe,51,0,1,412443,46875,0,0,1,0,0,0,0,0
main,400a05,2,0,0,0,46875,0,1,0,11,0,127,1,11
main,400a05,0,0,0,0,46875,0,1,0,4,0,127,1,4
main,400a06,19,0,0,0,46875,0,1,0,4,0,127,1,4
main,400a06,23,0,0,0,46875,0,1,0,11,0,127,1,11
main,400a0b,26,0,0,0,46875,0,1,0,11,0,127,1,11
main,400a0b,8,0,1,412454,46875,0,0,1,0,0,0,0,0
main,400a10,20,1,0,0,46875,0,0,1,0,0,0,0,0
main,400a10,22,1,0,0,46875,0,0,1,0,0,0,0,0
main,400a15,31,0,0,0,46875,0,1,0,11,0,127,1,11
main,400a15,10,0,0,0,46875,0,1,0,4,0,127,1,4
main,400a1a,21,0,1,421932,46875,0,0,1,0,0,0,0,0
main,400a1a,1,0,0,0,46875,0,1,0,4,0,127,1,4
main,400a21,1,0,1,421932,46875,0,1,0,4,0,127,1,4
main,400a21,10,0,1,421932,46875,0,1,0,4,0,127,1,4
main,400a24,14,0,0,0,46875,0,1,0,11,0,127,1,11
main,400a24,9,0,0,0,46875,0,1,0,11,0,127,1,11
main,400a26,24,0,0,0,46875,0,1,0,11,0,127,1,11
main,400a26,32,1,0,0,46875,0,0,1,0,0,0,0,0
main,400a2c,4,0,0,0,46875,0,1,0,11,0,127,1,11
main,400a2c,2,1,0,0,46875,0,0,1,0,0,0,0,0
main,400a2e,2,0,1,2,46875,0,0,1,0,0,0,0,0
main,400a2e,25,0,1,2,46875,0,0,1,0,0,0,0,0
main,400a33,12,0,0,0,46875,0,1,0,11,0,127,1,11
main,400a33,40,0,1,2,46875,0,0,1,0,0,0,0,0
main,400a3a,2,0,0,0,46875,0,1,0,11,0,127,1,11
main,400a3a,2,0,0,0,46875,0,1,0,11,0,127,1,11
main,400a41,0,0,0,0,46875,0,1,0,4,0,127,1,4
main,400a41,1,0,1,2,46875,0,0,1,0,0,0,0,0
main,400a42,22,0,0,0,46875,0,1,0,11,0,127,1,11
main,400a42,24,0,0,0,46875,0,1,0,11,0,127,1,11
main,400a47,0,0,1,412444,46875,0,0,1,0,0,0,0,0
main,400a47,36,0,0,0,46875,0,1,0,11,0,127,1,11
main,400a4c,12,0,0,0,46875,0,1,0,6,0,127,1,6
main,400a4c,19,0,0,0,46875,0,1,0,11,0,127,1,11
main,400a51,19,0,1,399836,46875,1,1,0,0,1,9,0,0
main,400a51,38,0,0,0,46875,0,1,0,11,0,127,1,11
main,400a58,44,0,1,416106,46875,0,0,1,0,0,0,0,0
main,400a58,23,0,1,48559,46875,0,1,0,11,0,127,1,11
main,400a5e,45,0,1,421932,46875,0,0,1,0,0,0,0,0
main,400a5e,11,0,1,46546,46875,0,1,0,11,0,127,1,11
main,400a64,9,0,0,0,46875,0,1,0,4,0,127,1,4
main,400a64,2,1,0,0,46875,0,0,1,0,0,0,0,0
main,400a66,13,0,1,1,46875,0,0,1,0,0,0,0,0
main,400a66,14,0,1,1,46875,0,0,1,0,0,0,0,0
main,400a6b,20,0,0,0,46875,0,1,0,11,0,127,1,11
main,400a6b,3,0,0,0,46875,0,1,0,11,0,127,1,11
main,400a70,15,0,0,0,46875,0,1,0,4,0,127,1,4
main,400a70,13,0,0,0,46875,0,1,0,11,0,127,1,11
main,400a74,19,0,0,0,46875,0,1,0,11,0,127,1,11
main,400a74,12,0,0,0,46875,0,1,0,4,0,127,1,4
main,400a7b,39,0,1,7,46875,0,0,1,0,0,0,0,0
main,400a7b,13,0,0,0,46875,0,1,0,4,0,127,1,4
main,400a80,13,0,0,0,46875,0,1,0,4,0,127,1,4
main,400a80,28,0,1,7,46875,0,0,1,0,0,0,0,0
main,400a85,30,0,0,0,46875,0,1,0,11,0,127,1,11
main,400a85,15,0,0,0,46875,0,1,0,4,0,127,1,4
main,400a8a,30,0,1,402686,46875,0,0,1,0,0,0,0,0
main,400a8a,18,1,0,0,46875,0,0,1,0,0,0,0,0
main,400a8e,20,0,0,0,46875,0,1,0,11,0,127,1,11
main,400a8e,12,0,0,0,46875,0,1,0,4,0,127,1,4
main,400a91,10,0,0,0,46875,0,1,0,4,0,127,1,4
main,400a91,20,0,0,0,46875,0,1,0,11,0,127,1,11
main,400a94,16,0,1,7,46875,0,0,1,0,0,0,0,0
main,400a94,22,0,1,7,46875,0,0,1,0,0,0,0,0
main,400a98,0,1,0,0,46875,0,0,1,0,0,0,0,0
main,400a98,3,0,0,0,46875,0,1,0,11,0,127,1,11
main,400a9c,5,0,1,412760,46875,0,0,1,0,0,0,0,0
main,400a9c,12,0,0,0,46875,0,1,0,4,0,127,1,4
main,400aa0,43,0,0,0,46875,0,1,0,4,0,127,1,4
main,400aa0,42,0,1,6,46875,0,0,1,0,0,0,0,0
main,400aa7,7,0,1,412428,46875,0,0,1,0,0,0,0,0
main,400aa7,4,0,0,0,46875,0,1,0,11,0,127,1,11
main,400aae,0,0,0,0,46875,0,1,0,4,0,127,1,4
main,400aae,0,0,0,0,46875,0,1,0,4,0,127,1,4
main,400aaf,19,0,0,0,46875,0,1,0,4,0,127,1,4
main,400aaf,9,0,0,0,46875,0,1,0,11,0,127,1,11
main,400ab4,16,0,1,422948,46875,0,0,1,0,0,0,0,0
main,400ab4,10,0,1,422633,46875,0,0,1,0,0,0,0,0
main,400ab9,22,1,0,0,46875,0,0,1,0,0,0,0,0
main,400ab9,27,1,0,0,46875,0,0,1,0,0,0,0,0
main,400abe,6,0,0,0,46875,0,1,0,11,0,127,1,11
main,400abe,21,0,0,0,46875,0,1,0,11,0,127,1,11
main,400ac3,41,0,0,0,46875,0,1,0,11,0,127,1,11
main,400ac3,20,0,1,421912,46875,0,0,1,0,0,0,0,0
main,400aca,1,0,1,421912,46875,0,0,1,0,0,0,0,0
main,400aca,15,0,1,421912,46875,0,0,1,0,0,0,0,0
main,400acd,3,1,0,0,46875,0,0,1,0,0,0,0,0
main,400acd,7,0,0,0,46875,0,1,0,11,0,127,1,11
main,400acf,9,0,0,0,46875,0,1,0,11,0,127,1,11
main,400acf,32,1,0,0,46875,0,0,1,0,0,0,0,0
main,400ad5,3,1,0,0,46875,0,0,1,0,0,0,0,0
main,400ad5,3,1,0,0,46875,0,0,1,0,0,0,0,0
main,400ad7,20,0,1,7,46875,0,0,1,0,0,0,0,0
main,400ad7,27,0,1,7,46875,0,0,1,0,0,0,0,0
main,400adc,17,0,0,0,46875,0,1,0,11,0,127,1,11
main,400adc,20,0,1,7,46875,0,0,1,0,0,0,0,0
main,400ae3,15,0,0,0,46875,0,1,0,4,0,127,1,4
main,400ae3,14,0,1,7,46875,0,1,0,4,0,127,1,4
main,400aea,0,0,0,0,46875,0,1,0,4,0,127,1,4
main,400aea,2,0,0,0,46875,0,1,0,11,0,127,1,11
main,400aeb,0,0,1,421912,46875,0,0,1,0,0,0,0,0
main,400aeb,24,0,0,0,46875,0,1,0,11,0,127,1,11
main,400af0,22,1,0,0,46875,0,0,1,0,0,0,0,0
main,400af0,29,1,0,0,46875,0,0,1,0,0,0,0,0
main,400af5,36,0,0,0,46875,0,1,0,11,0,127,1,11
main,400af5,1,0,0,0,46875,0,1,0,4,0,127,1,4
main,400afa,38,0,0,0,46875,0,1,0,11,0,127,1,11
main,400afa,36,0,0,0,46875,0,1,0,11,0,127,1,11
main,400b01,28,0,1,421912,46875,0,0,1,0,0,0,0,0
main,400b01,36,0,0,0,46875,0,1,0,11,0,127,1,11
main,400b07,8,0,0,0,46875,0,1,0,11,0,127,1,11
main,400b07,26,0,1,46655,46875,0,1,0,11,0,127,1,11
main,400b0d,9,0,0,0,46875,0,1,0,4,0,127,1,4
main,400b0d,9,0,0,0,46875,0,1,0,4,0,127,1,4
main,400b0f,22,1,0,0,46875,0,0,1,0,0,0,0,0
main,400b0f,19,1,0,0,46875,0,0,1,0,0,0,0,0
main,400b14,0,0,0,0,46875,0,1,0,11,0,127,1,11
main,400b14,2,0,0,0,46875,0,1,0,11,0,127,1,11
main,400b19,26,0,1,402945,46875,0,0,1,0,0,0,0,0
main,400b19,9,0,0,0,46875,0,1,0,4,0,127,1,4
main,400b1d,2,0,0,0,46875,0,1,0,11,0,127,1,11
main,400b1d,30,1,0,0,46875,0,0,1,0,0,0,0,0
main,400b24,4,0,0,0,46875,0,1,0,11,0,127,1,11
main,400b24,30,0,0,0,46875,0,1,0,11,0,127,1,11
main,400b29,9,0,1,4,46875,0,0,1,0,0,0,0,0
main,400b29,21,0,0,0,46875,0,1,0,11,0,127,1,11
main,400b2e,19,0,1,412407,46875,0,0,1,0,0,0,0,0
main,400b2e,16,0,1,412407,46875,0,0,1,0,0,0,0,0
main,400b33,4,0,0,0,46875,0,1,0,11,0,127,1,11
main,400b33,19,0,0,0,46875,0,1,0,11,0,127,1,11
main,400b37,2,0,1,412406,46875,0,0,1,0,0,0,0,0
main,400b37,4,0,0,0,46875,0,1,0,11,0,127,1,11
main,400b3a,11,0,0,0,46875,0,1,0,11,0,127,1,11
main,400b3a,17,0,0,0,46875,0,1,0,11,0,127,1,11
main,400b3d,25,0,1,5,46875,0,0,1,0,0,0,0,0
main,400b3d,16,0,1,415911,46875,0,0,1,0,0,0,0,0
main,400b41,18,0,1,422395,46875,0,0,1,0,0,0,0,0
main,400b41,23,0,0,0,46875,0,1,0,11,0,127,1,11
main,400b45,4,0,0,0,46875,0,1,0,4,0,127,1,4
main,400b45,14,0,1,412408,46875,0,0,1,0,0,0,0,0
main,400b49,11,0,0,0,46875,0,1,0,4,0,127,1,4
main,400b49,52,0,1,422395,46875,0,0,1,0,0,0,0,0
main,400b50,9,0,0,0,46875,0,1,0,4,0,127,1,4
main,400b50,53,0,0,0,46875,0,1,0,11,0,127,1,11
main,400b57,1,0,1,5,46875,0,0,1,0,0,0,0,0
main,400b57,3,0,0,0,46875,0,1,0,11,0,127,1,11
main,400b58,24,0,0,0,46875,0,1,0,11,0,127,1,11
main,400b58,13,0,0,0,46875,0,1,0,11,0,127,1,11
main,400b5d,1,0,0,0,46875,0,1,0,11,0,127,1,11
main,400b5d,34,0,1,421135,46875,0,0,1,0,0,0,0,0
main,400b62,6,1,0,0,46875,0,0,1,0,0,0,0,0
main,400b62,19,1,0,0,46875,0,0,1,0,0,0,0,0
main,400b67,24,0,0,0,46875,0,1,0,11,0,127,1,11
main,400b67,2,0,0,0,46875,0,1,0,11,0,127,1,11
main,400b6c,42,0,0,0,46875,0,1,0,11,0,127,1,11
main,400b6c,2,0,0,0,46875,0,1,0,11,0,127,1,11
main,400b73,4,0,1,421125,46875,0,1,0,11,0,127,1,11
main,400b73,1,0,1,421125,46875,0,1,0,11,0,127,1,11
main,400b76,10,0,0,0,46875,0,1,0,4,0,127,1,4
main,400b76,4,0,0,0,46875,0,1,0,11,0,127,1,11
main,400b78,24,0,0,0,46875,0,1,0,11,0,127,1,11
main,400b78,37,0,0,0,46875,0,1,0,11,0,127,1,11
main,400b7e,8,1,0,0,46875,0,0,1,0,0,0,0,0
main,400b7e,4,0,0,0,46875,0,1,0,11,0,127,1,11
main,400b80,38,0,0,0,46875,0,1,0,11,0,127,1,11
main,400b80,18,0,0,0,46875,0,1,0,11,0,127,1,11
main,400b85,52,0,1,412407,46875,0,0,1,0,0,0,0,0
main,400b85,0,0,1,412308,46875,0,1,0,11,0,127,1,11
main,400b8c,17,1,0,0,46875,0,0,1,0,0,0,0,0
main,400b8c,24,0,0,0,46875,0,1,0,11,0,127,1,11
main,400b93,3,0,0,0,46875,0,1,0,11,0,127,1,11
main,400b93,1,0,1,412407,46875,0,0,1,0,0,0,0,0
main,400b94,13,0,1,417292,46875,0,0,1,0,0,0,0,0
main,400b94,8,0,1,421125,46875,0,0,1,0,0,0,0,0
main,400b99,10,1,0,0,46875,0,0,1,0,0,0,0,0
main,400b99,34,0,0,0,46875,0,1,0,11,0,127,1,11
main,400b9e,7,0,0,0,46875,0,1,0,11,0,127,1,11
main,400b9e,26,0,0,0,46875,0,1,0,11,0,127,1,11
main,400ba3,16,1,0,0,46875,0,0,1,0,0,0,0,0
main,400ba3,49,1,0,0,46875,0,0,1,0,0,0,0,0
main,400baa,20,0,1,421125,46875,0,0,1,0,0,0,0,0
main,400baa,30,0,1,421125,46875,0,0,1,0,0,0,0,0
main,400bb0,12,0,1,421125,46875,0,0,1,0,0,0,0,0
main,400bb0,5,0,1,395780,46875,1,1,0,0,1,9,0,0
main,400bb6,9,0,0,0,46875,0,1,0,4,0,127,1,4
main,400bb6,14,0,0,0,46875,0,1,0,11,0,127,1,11
main,400bb8,23,1,0,0,46875,0,0,1,0,0,0,0,0
main,400bb8,33,0,0,0,46875,0,1,0,11,0,127,1,11
main,400bbd,3,0,0,0,46875,0,1,0,11,0,127,1,11
main,400bbd,17,0,0,0,46875,0,1,0,11,0,127,1,11
main,400bc2,21,0,0,0,46875,0,1,0,11,0,127,1,11
main,400bc2,36,0,0,0,46875,0,1,0,11,0,127,1,11
main,400bc9,2,0,1,179352,46875,0,0,1,0,0,0,0,0
main,400bc9,1,0,1,179352,46875,0,0,1,0,0,0,0,0
main,400bca,24,0,0,0,46875,0,1,0,11,0,127,1,11
main,400bca,52,0,0,0,46875,0,1,0,11,0,127,1,11
main,400bd1,3,0,0,0,46875,0,1,0,11,0,127,1,11
main,400bd1,0,0,0,0,46875,0,1,0,4,0,127,1,4
main,400bd2,37,0,0,0,46875,0,1,0,11,0,127,1,11
main,400bd2,9,0,0,0,46875,0,1,0,4,0,127,1,4
main,400bd7,44,0,0,0,46875,0,1,0,4,0,127,1,4
main,400bd7,20,0,0,0,46875,0,1,0,11,0,127,1,11
main,400bde,2,0,0,0,46875,0,1,0,11,0,127,1,11
main,400bde,1,0,0,0,46875,0,1,0,11,0,127,1,11
main,400bdf,36,0,0,0,46875,0,1,0,11,0,127,1,11
main,400bdf,48,0,1,44242,46875,0,0,1,0,0,0,0,0
main,400be6,0,0,0,0,46875,0,1,0,4,0,127,1,4
main,400be6,3,0,0,0,46875,0,1,0,11,0,127,1,11
main,400be7,10,0,0,0,46875,0,1,0,4,0,127,1,4
main,400be7,28,0,0,0,46875,0,1,0,11,0,127,1,11
main,400bec,12,0,0,0,46875,0,1,0,4,0,127,1,4
main,400bec,30,0,0,0,46875,0,1,0,11,0,127,1,11
main,400bf3,2,0,1,1737,46875,0,1,0,11,0,127,1,11
main,400bf3,1,0,1,1737,46875,0,1,0,11,0,127,1,11
main,400bf4,27,0,1,178577,46875,0,0,1,0,0,0,0,0
main,400bf4,19,0,1,44242,46875,0,0,1,0,0,0,0,0
main,400bfb,3,0,0,0,46875,0,1,0,11,0,127,1,11
main,400bfb,2,0,0,0,46875,0,1,0,11,0,127,1,11
main,400bfc,28,0,0,0,46875,0,1,0,11,0,127,1,11
main,400bfc,3,0,0,0,46875,0,1,0,11,0,127,1,11
main,400c01,44,0,0,0,46875,0,1,0,4,0,127,1,4
main,400c01,33,0,0,0,46875,0,1,0,4,0,127,1,4
main,400c08,3,0,1,349,46875,0,1,0,11,0,127,1,11
main,400c08,2,0,1,349,46875,0,1,0,11,0,127,1,11
main,400c09,47,0,0,0,46875,0,1,0,4,0,127,1,4
main,400c09,31,0,1,44242,46875,0,0,1,0,0,0,0,0
main,400c10,3,0,0,0,46875,0,1,0,11,0,127,1,11
main,400c10,2,0,0,0,46875,0,1,0,11,0,127,1,11
main,400c11,19,0,0,0,46875,0,1,0,11,0,127,1,11
main,400c11,12,0,1,56576,46875,0,0,1,0,0,0,0,0
main,400c16,7,0,0,0,46875,0,1,0,11,0,127,1,11
main,400c16,31,0,0,0,46875,0,1,0,4,0,127,1,4
main,400c1a,8,0,0,0,46875,0,1,0,11,0,127,1,11
main,400c1a,45,0,0,0,46875,0,1,0,4,0,127,1,4
main,400c21,17,1,0,0,46875,0,0,1,0,0,0,0,0
main,400c21,44,0,0,0,46875,0,1,0,4,0,127,1,4
main,400c28,1,0,0,0,46875,0,1,0,11,0,127,1,11
main,400c28,1,0,0,0,46875,0,1,0,11,0,127,1,11
main,400c29,47,0,0,0,46875,0,1,0,4,0,127,1,4
main,400c29,55,0,1,193070,46875,0,0,1,0,0,0,0,0
main,400c30,1,0,0,0,46875,0,1,0,11,0,127,1,11
main,400c30,0,0,0,0,46875,0,1,0,4,0,127,1,4
main,400c31,30,0,0,0,46875,0,1,0,4,0,127,1,4
main,400c31,19,0,1,175309,46875,0,0,1,0,0,0,0,0
main,400c38,1,0,0,0,46875,0,1,0,11,0,127,1,11
main,400c38,1,0,0,0,46875,0,1,0,11,0,127,1,11
main,400c39,23,0,1,322592,46875,0,0,1,0,0,0,0,0
main,400c39,20,0,0,0,46875,0,1,0,11,0,127,1,11
main,400c40,12,0,0,0,46875,0,1,0,4,0,127,1,4
main,400c40,11,0,0,0,46875,0,1,0,11,0,127,1,11
main,400c43,23,0,1,3,46875,0,1,0,11,0,127,1,11
main,400c43,0,0,1,3,46875,0,1,0,11,0,127,1,11
main,400c46,13,0,0,0,46875,0,1,0,4,0,127,1,4
main,400c46,22,0,1,328746,46875,0,0,1,0,0,0,0,0
main,400c4a,18,0,1,254933,46875,0,0,1,0,0,0,0,0
main,400c4a,12,0,0,0,46875,0,1,0,4,0,127,1,4
main,400c4e,5,0,1,208763,46875,0,0,1,0,0,0,0,0
main,400c4e,25,0,1,208763,46875,0,0,1,0,0,0,0,0
main,400c52,10,0,1,407540,46875,0,0,1,0,0,0,0,0
main,400c52,40,0,1,407540,46875,0,0,1,0,0,0,0,0
main,400c59,21,0,0,0,46875,0,1,0,11,0,127,1,11
main,400c59,18,0,0,0,46875,0,1,0,4,0,127,1,4
main,400c60,0,0,0,0,46875,0,1,0,4,0,127,1,4
main,400c60,1,0,0,0,46875,0,1,0,11,0,127,1,11
main,400c61,23,0,0,0,46875,0,1,0,11,0,127,1,11
main,400c61,1,0,0,0,46875,0,1,0,4,0,127,1,4
main,400c66,1,0,0,0,46875,0,1,0,11,0,127,1,11
main,400c66,29,1,0,0,46875,0,0,1,0,0,0,0,0
main,400c6b,30,1,0,0,46875,0,0,1,0,0,0,0,0
main,400c6b,25,1,0,0,46875,0,0,1,0,0,0,0,0
main,400c70,36,0,0,0,46875,0,1,0,4,0,127,1,4
main,400c70,7,0,0,0,46875,0,1,0,11,0,127,1,11
main,400c75,37,0,0,0,46875,0,1,0,11,0,127,1,11
main,400c75,26,0,1,231929,46875,0,0,1,0,0,0,0,0
main,400c7c,10,0,1,231154,46875,0,0,1,0,0,0,0,0
main,400c7c,6,0,1,231154,46875,0,0,1,0,0,0,0,0
main,400c7f,12,0,0,0,46875,0,1,0,11,0,127,1,11
main,400c7f,9,0,0,0,46875,0,1,0,11,0,127,1,11
main,400c81,14,0,0,0,46875,0,1,0,4,0,127,1,4
main,400c81,32,1,0,0,46875,0,0,1,0,0,0,0,0
main,400c87,13,0,0,0,46875,0,1,0,4,0,127,1,4
main,400c87,6,0,0,0,46875,0,1,0,11,0,127,1,11
main,400c89,32,0,1,404539,46875,0,0,1,0,0,0,0,0
main,400c89,26,0,0,0,46875,0,1,0,11,0,127,1,11
main,400c8e,12,0,0,0,46875,0,1,0,11,0,127,1,11
main,400c8e,42,0,1,404659,46875,0,0,1,0,0,0,0,0
main,400c95,30,0,0,0,46875,0,1,0,4,0,127,1,4
main,400c95,2,0,0,0,46875,0,1,0,11,0,127,1,11
main,400c9c,0,0,0,0,46875,0,1,0,4,0,127,1,4
main,400c9c,0,0,0,0,46875,0,1,0,4,0,127,1,4
main,400c9d,18,0,1,2,46875,0,0,1,0,0,0,0,0
main,400c9d,9,0,1,257763,46875,0,0,1,0,0,0,0,0
main,400ca2,26,1,0,0,46875,0,0,1,0,0,0,0,0
main,400ca2,10,1,0,0,46875,0,0,1,0,0,0,0,0
main,400ca7,7,0,1,5826,46875,0,1,0,11,0,127,1,11
main,400ca7,10,0,0,0,46875,0,1,0,4,0,127,1,4
main,400cac,27,0,1,391879,46875,1,1,0,0,1,9,0,0
main,400cac,8,0,0,0,46875,0,1,0,11,0,127,1,11
main,400cb3,47,0,1,231154,46875,0,0,1,0,0,0,0,0
main,400cb3,1,0,1,406979,46875,0,0,1,0,0,0,0,0
main,400cb9,25,0,1,47033,46875,0,1,0,11,0,127,1,11
main,400cb9,19,0,1,45016,46875,0,1,0,11,0,127,1,11
main,400cbf,0,0,1,231154,46875,0,0,1,0,0,0,0,0
main,400cbf,14,0,0,0,46875,0,1,0,11,0,127,1,11
main,400cc1,14,0,1,18000,46875,0,0,1,0,0,0,0,0
main,400cc1,35,0,0,0,46875,0,1,0,11,0,127,1,11
main,400cc6,32,0,0,0,46875,0,1,0,11,0,127,1,11
main,400cc6,10,1,0,0,46875,0,0,1,0,0,0,0,0
main,400ccb,44,0,0,0,46875,0,1,0,4,0,127,1,4
main,400ccb,7,0,1,275557,46875,1,1,0,0,1,9,0,0
main,400cd2,2,0,0,0,46875,0,1,0,11,0,127,1,11
main,400cd2,1,0,0,0,46875,0,1,0,11,0,127,1,11
main,400cd3,45,0,0,0,46875,0,1,0,4,0,127,1,4
main,400cd3,2,0,1,575,46875,0,1,0,11,0,127,1,11
main,400cda,3,0,0,0,46875,0,1,0,11,0,127,1,11
main,400cda,1,0,0,0,46875,0,1,0,11,0,127,1,11
main,400cdb,12,0,0,0,46875,0,1,0,4,0,127,1,4
main,400cdb,25,0,1,275557,46875,1,1,0,0,1,9,0,0
main,400cdf,27,0,1,407358,46875,1,1,0,0,1,9,0,0
main,400cdf,32,0,1,275557,46875,1,1,0,0,1,9,0,0
main,400ce6,2,0,0,0,46875,0,1,0,11,0,127,1,11
main,400ce6,2,0,0,0,46875,0,1,0,11,0,127,1,11
main,400ce7,26,0,0,0,46875,0,1,0,11,0,127,1,11
main,400ce7,20,0,0,0,46875,0,1,0,11,0,127,1,11
main,400cee,0,0,0,0,46875,0,1,0,4,0,127,1,4
main,400cee,1,0,0,0,46875,0,1,0,11,0,127,1,11
main,400cef,38,0,1,44242,46875,0,0,1,0,0,0,0,0
main,400cef,28,0,1,388221,46875,1,1,0,0,1,9,0,0
main,400cf6,1,0,0,0,46875,0,1,0,4,0,127,1,4
main,400cf6,1,0,0,0,46875,0,1,0,4,0,127,1,4
main,400cf7,21,0,0,0,46875,0,1,0,4,0,127,1,4
main,400cf7,19,0,0,0,46875,0,1,0,4,0,127,1,4
main,400cfd,25,0,1,277885,46875,1,1,0,0,1,9,0,0
main,400cfd,46,0,1,278590,46875,1,1,0,0,1,9,0,0
main,400d04,1,0,0,0,46875,0,1,0,11,0,127,1,11
main,400d04,3,0,0,0,46875,0,1,0,8,0,127,1,8
main,400d05,33,0,0,0,46875,0,1,0,4,0,127,1,4
main,400d05,50,0,0,0,46875,0,1,0,4,0,127,1,4
main,400d0c,1,0,0,0,46875,0,1,0,11,0,127,1,11
main,400d0c,1,0,0,0,46875,0,1,0,11,0,127,1,11
main,400d0d,1,0,0,0,46875,0,1,0,4,0,127,1,4
main,400d0d,3,0,0,0,46875,0,1,0,11,0,127,1,11
main,400d11,55,0,1,280628,46875,1,1,0,0,1,9,0,0
main,400d11,30,0,0,0,46875,0,1,0,4,0,127,1,4
main,400d18,1,0,0,0,46875,0,1,0,11,0,127,1,11
main,400d18,2,0,0,0,46875,0,1,0,11,0,127,1,11
main,400d19,55,0,0,0,46875,0,1,0,11,0,127,1,11
main,400d19,25,0,0,0,46875,0,1,0,4,0,127,1,4
main,400d20,0,0,0,0,46875,0,1,0,11,0,127,1,11
main,400d20,3,0,0,0,46875,0,1,0,11,0,127,1,11
main,400d21,2,0,0,0,46875,0,1,0,4,0,127,1,4
main,400d21,6,0,1,44242,46875,0,0,1,0,0,0,0,0
main,400d28,1,0,0,0,46875,0,1,0,11,0,127,1,11
main,400d28,0,0,0,0,46875,0,1,0,4,0,127,1,4
main,400d29,18,0,1,44242,46875,0,0,1,0,0,0,0,0
main,400d29,17,0,0,0,46875,0,1,0,11,0,127,1,11
main,400d2f,5,0,1,7789,46875,0,1,0,11,0,127,1,11
main,400d2f,49,1,0,0,46875,0,0,1,0,0,0,0,0
main,400d36,1,0,1,7350,46875,0,1,0,11,0,127,1,11
main,400d36,2,0,0,0,46875,0,1,0,11,0,127,1,11
main,400d37,46,0,0,0,46875,0,1,0,11,0,127,1,11
main,400d37,19,0,1,61089,46875,0,0,1,0,0,0,0,0
main,400d3e,1,0,1,3164,46875,0,1,0,11,0,127,1,11
main,400d3e,3,0,1,3164,46875,0,1,0,11,0,127,1,11
main,400d3f,17,0,1,279643,46875,1,1,0,0,1,9,0,0
main,400d3f,11,0,0,0,46875,0,1,0,4,0,127,1,4
main,400d43,46,0,1,279643,46875,1,1,0,0,1,9,0,0
main,400d43,10,0,0,0,46875,0,1,0,11,0,127,1,11
main,400d4a,1,0,1,3194,46875,0,1,0,11,0,127,1,11
main,400d4a,3,0,0,0,46875,0,1,0,8,0,127,1,8
main,400d4b,15,0,0,0,46875,0,1,0,4,0,127,1,4
main,400d4b,22,0,0,0,46875,0,1,0,4,0,127,1,4
main,400d52,2,0,0,0,46875,0,1,0,11,0,127,1,11
main,400d52,2,0,0,0,46875,0,1,0,11,0,127,1,11
main,400d53,4,0,0,0,46875,0,1,0,11,0,127,1,11
main,400d53,31,0,0,0,46875,0,1,0,11,0,127,1,11
main,400d57,1,0,1,44242,46875,0,0,1,0,0,0,0,0
main,400d57,11,0,0,0,46875,0,1,0,4,0,127,1,4
main,400d5b,17,0,0,0,46875,0,1,0,11,0,127,1,11
main,400d5b,29,0,0,0,46875,0,1,0,11,0,127,1,11
main,400d61,46,0,1,201527,46875,1,1,0,0,1,9,0,0
main,400d61,27,0,1,201527,46875,1,1,0,0,1,9,0,0
main,400d68,3,0,0,0,46875,0,1,0,8,0,127,1,8
main,400d68,3,0,0,0,46875,0,1,0,8,0,127,1,8
main,400d69,39,0,0,0,46875,0,1,0,11,0,127,1,11
main,400d69,45,0,0,0,46875,0,1,0,4,0,127,1,4
main,400d70,1,0,1,26606,46875,0,1,0,11,0,127,1,11
main,400d70,0,0,1,26606,46875,0,1,0,11,0,127,1,11
main,400d71,30,0,0,0,46875,0,1,0,11,0,127,1,11
main,400d71,14,0,0,0,46875,0,1,0,11,0,127,1,11
main,400d75,2,0,0,0,46875,0,1,0,11,0,127,1,11
main,400d75,13,0,0,0,46875,0,1,0,4,0,127,1,4
main,400d7c,1,0,1,26606,46875,0,1,0,11,0,127,1,11
main,400d7c,0,0,0,0,46875,0,1,0,4,0,127,1,4
main,400d7d,52,0,0,0,46875,0,1,0,11,0,127,1,11
main,400d7d,42,0,0,0,46875,0,1,0,11,0,127,1,11
main,400d84,3,0,0,0,46875,0,1,0,11,0,127,1,11
main,400d84,3,0,0,0,46875,0,1,0,11,0,127,1,11
main,400d85,52,0,0,0,46875,0,1,0,4,0,127,1,4
main,400d85,12,0,0,0,46875,0,1,0,4,0,127,1,4
main,400d8c,2,0,0,0,46875,0,1,0,11,0,127,1,11
main,400d8c,0,0,0,0,46875,0,1,0,11,0,127,1,11
main,400d8d,18,0,0,0,46875,0,1,0,11,0,127,1,11
main,400d8d,45,0,0,0,46875,0,1,0,4,0,127,1,4
main,400d93,10,0,1,44455,46875,0,0,1,0,0,0,0,0
main,400d93,22,0,0,0,46875,0,1,0,11,0,127,1,11
main,400d98,12,0,1,44168,46875,0,0,1,0,0,0,0,0
main,400d98,19,0,0,0,46875,0,1,0,11,0,127,1,11
main,400d9d,1,0,0,0,46875,0,1,0,4,0,127,1,4
main,400d9d,45,0,0,0,46875,0,1,0,4,0,127,1,4
main,400da4,16,0,1,23729,46875,0,1,0,4,0,127,1,4
main,400da4,4,0,1,23729,46875,0,1,0,4,0,127,1,4
main,400da7,0,0,0,0,46875,0,1,0,4,0,127,1,4
main,400da7,11,0,0,0,46875,0,1,0,11,0,127,1,11
main,400da9,23,0,1,44197,46875,0,0,1,0,0,0,0,0
main,400da9,31,0,0,0,46875,0,1,0,11,0,127,1,11
main,400daf,9,0,0,0,46875,0,1,0,4,0,127,1,4
main,400daf,0,1,0,0,46875,0,0,1,0,0,0,0,0
main,400db1,11,0,0,0,46875,1,1,0,0,1,9,0,0
main,400db1,15,0,0,0,46875,0,1,0,11,0,127,1,11
main,400db8,23,0,0,0,46875,0,1,0,11,0,127,1,11
main,400db8,22,0,0,0,46875,0,1,0,11,0,127,1,11
main,400dbb,20,0,1,45364,46875,0,0,1,0,0,0,0,0
main,400dbb,16,0,0,0,46875,0,1,0,11,0,127,1,11
main,400dbe,18,0,0,0,46875,0,1,0,4,0,127,1,4
main,400dbe,25,0,0,0,46875,0,1,0,11,0,127,1,11
main,400dc3,3,0,0,0,46875,0,1,0,11,0,127,1,11
main,400dc3,33,1,0,0,46875,0,0,1,0,0,0,0,0
main,400dc9,44,0,1,41043,46875,0,0,1,0,0,0,0,0
main,400dc9,39,1,0,0,46875,0,0,1,0,0,0,0,0
main,400dcf,13,0,1,44775,46875,0,0,1,0,0,0,0,0
main,400dcf,14,0,0,0,46875,0,1,0,11,0,127,1,11
main,400dd1,11,0,1,32666,46875,0,0,1,0,0,0,0,0
main,400dd1,15,0,1,28637,46875,0,0,1,0,0,0,0,0
main,400dd6,35,0,0,0,46875,0,1,0,11,0,127,1,11
main,400dd6,14,1,0,0,46875,0,0,1,0,0,0,0,0
main,400ddb,29,0,0,0,46875,0,1,0,11,0,127,1,11
main,400ddb,8,1,0,0,46875,0,0,1,0,0,0,0,0
main,400de0,1,0,0,0,46875,0,1,0,4,0,127,1,4
main,400de0,6,0,0,0,46875,0,1,0,11,0,127,1,11
main,400de7,5,0,0,0,46875,0,1,0,11,0,127,1,11
main,400de7,26,0,1,25670,46875,1,1,0,0,1,9,0,0
main,400dee,2,0,1,25670,46875,1,1,0,0,1,9,0,0
main,400dee,2,0,1,25670,46875,1,1,0,0,1,9,0,0
main,400df1,13,0,0,0,46875,0,1,0,4,0,127,1,4
main,400df1,14,0,0,0,46875,0,1,0,4,0,127,1,4
main,400df3,45,0,0,0,46875,0,1,0,11,0,127,1,11
main,400df3,22,0,0,0,46875,0,1,0,4,0,127,1,4
main,400dfa,14,0,0,0,46875,0,1,0,11,0,127,1,11
main,400dfa,1,1,0,0,46875,0,0,1,0,0,0,0,0
main,400dfe,6,0,0,0,46875,0,1,0,11,0,127,1,11
main,400dfe,21,0,0,0,46875,0,1,0,11,0,127,1,11
main,400e01,23,0,0,0,46875,0,1,0,11,0,127,1,11
main,400e01,18,0,1,24958,46875,0,0,1,0,0,0,0,0
main,400e04,14,0,0,0,46875,0,1,0,4,0,127,1,4
main,400e04,33,0,0,0,46875,0,1,0,4,0,127,1,4
main,400e09,35,1,0,0,46875,0,0,1,0,0,0,0,0
main,400e09,41,0,0,0,46875,0,1,0,11,0,127,1,11
main,400e0f,10,0,1,42,46875,0,1,0,11,0,127,1,11
main,400e0f,31,0,0,0,46875,0,1,0,11,0,127,1,11
main,400e13,8,0,1,25024,46875,0,0,1,0,0,0,0,0
main,400e13,15,0,1,25024,46875,0,0,1,0,0,0,0,0
main,400e16,30,0,0,0,46875,0,1,0,11,0,127,1,11
main,400e16,12,0,1,25131,46875,0,0,1,0,0,0,0,0
main,400e1b,14,1,0,0,46875,0,0,1,0,0,0,0,0
main,400e1b,17,1,0,0,46875,0,0,1,0,0,0,0,0
main,400e20,26,0,0,0,46875,0,1,0,11,0,127,1,11
main,400e20,35,0,0,0,46875,0,1,0,4,0,127,1,4
main,400e25,17,0,1,24941,46875,0,0,1,0,0,0,0,0
main,400e25,11,0,1,25643,46875,0,0,1,0,0,0,0,0
main,400e2a,33,0,0,0,46875,0,1,0,4,0,127,1,4
main,400e2a,23,0,0,0,46875,0,1,0,11,0,127,1,11
main,400e2f,13,0,0,0,46875,0,1,0,4,0,127,1,4
main,400e2f,24,1,0,0,46875,0,0,1,0,0,0,0,0
main,400e33,29,1,0,0,46875,0,0,1,0,0,0,0,0
main,400e33,3,0,0,0,46875,0,1,0,11,0,127,1,11
main,400e3a,2,0,0,0,46875,0,1,0,11,0,127,1,11
main,400e3a,2,0,0,0,46875,0,1,0,11,0,127,1,11
main,400e3b,1,0,0,0,46875,0,1,0,11,0,127,1,11
main,400e3b,4,0,0,0,46875,0,1,0,11,0,127,1,11
main,400e3d,3,0,0,0,46875,0,1,0,11,0,127,1,11
main,400e3d,31,0,1,4193,46875,0,0,1,0,0,0,0,0
main,400e44,2,0,0,0,46875,0,1,0,11,0,127,1,11
main,400e44,2,0,0,0,46875,0,1,0,11,0,127,1,11
main,400e45,26,0,0,0,46875,0,1,0,11,0,127,1,11
main,400e45,8,0,0,0,46875,0,1,0,4,0,127,1,4
main,400e4c,3,0,0,0,46875,0,1,0,11,0,127,1,11
main,400e4c,1,0,0,0,46875,0,1,0,11,0,127,1,11
main,400e4d,1,0,0,0,46875,0,1,0,4,0,127,1,4
main,400e4d,21,0,0,0,46875,0,1,0,4,0,127,1,4
main,400e51,37,0,0,0,46875,0,1,0,11,0,127,1,11
main,400e51,1,0,0,0,46875,0,1,0,4,0,127,1,4
main,400e58,0,0,0,0,46875,0,1,0,11,0,127,1,11
main,400e58,3,0,0,0,46875,0,1,0,11,0,127,1,11
main,400e59,29,0,1,25353,46875,0,0,1,0,0,0,0,0
main,400e59,2,0,0,0,46875,0,1,0,11,0,127,1,11
main,400e5d,52,0,1,936,46875,0,0,1,0,0,0,0,0
main,400e5d,15,1,0,0,46875,0,0,1,0,0,0,0,0
main,400e64,13,0,0,0,46875,0,1,0,4,0,127,1,4
main,400e64,30,0,0,0,46875,0,1,0,11,0,127,1,11
main,400e68,19,0,1,936,46875,0,0,1,0,0,0,0,0
main,400e68,7,0,0,0,46875,0,1,0,4,0,127,1,4
main,400e6f,5,0,1,936,46875,0,0,1,0,0,0,0,0
main,400e6f,32,0,1,936,46875,0,0,1,0,0,0,0,0
main,400e76,3,0,0,0,46875,0,1,0,11,0,127,1,11
main,400e76,2,0,0,0,46875,0,1,0,11,0,127,1,11
main,400e77,3,0,0,0,46875,0,1,0,11,0,127,1,11
main,400e77,37,0,0,0,46875,0,1,0,11,0,127,1,11
main,400e7c,36,0,0,0,46875,0,1,0,11,0,127,1,11
main,400e7c,21,1,0,0,46875,0,0,1,0,0,0,0,0
main,400e81,25,0,0,0,46875,0,1,0,11,0,127,1,11
main,400e81,0,0,0,0,46875,0,1,0,11,0,127,1,11
main,400e86,4,0,1,18414,46875,1,1,0,0,1,9,0,0
main,400e86,11,0,0,0,46875,0,1,0,4,0,127,1,4
main,400e8d,2,0,0,0,46875,0,1,0,11,0,127,1,11
main,400e8d,2,0,0,0,46875,0,1,0,11,0,127,1,11
main,400e8e,3,0,0,0,46875,0,1,0,11,0,127,1,11
main,400e8e,46,0,0,0,46875,0,1,0,11,0,127,1,11
main,400e95,0,0,0,0,46875,0,1,0,11,0,127,1,11
main,400e95,0,0,0,0,46875,0,1,0,11,0,127,1,11
main,400e96,27,0,1,18293,46875,1,1,0,0,1,9,0,0
main,400e96,25,0,1,18293,46875,1,1,0,0,1,9,0,0
main,400e9a,6,0,1,18414,46875,1,1,0,0,1,9,0,0
main,400e9a,0,0,1,18414,46875,1,1,0,0,1,9,0,0
main,400ea1,0,0,0,0,46875,0,1,0,4,0,127,1,4
main,400ea1,3,0,0,0,46875,0,1,0,8,0,127,1,8
main,400ea2,10,0,0,0,46875,0,1,0,11,0,127,1,11
main,400ea2,0,0,1,13197,46875,0,0,1,0,0,0,0,0
main,400ea9,3,0,0,0,46875,0,1,0,11,0,127,1,11
main,400ea9,0,0,0,0,46875,0,1,0,11,0,127,1,11
main,400eaa,38,0,1,12987,46875,1,1,0,0,1,9,0,0
main,400eaa,6,0,1,12987,46875,1,1,0,0,1,9,0,0
main,400eb1,3,0,0,0,46875,0,1,0,11,0,127,1,11
main,400eb1,3,0,0,0,46875,0,1,0,11,0,127,1,11
main,400eb2,6,0,0,0,46875,0,1,0,11,0,127,1,11
main,400eb2,14,0,0,0,46875,0,1,0,11,0,127,1,11
main,400eb4,13,1,0,0,46875,0,0,1,0,0,0,0,0
main,400eb4,34,0,1,12861,46875,0,0,1,0,0,0,0,0
main,400eb9,19,0,0,0,46875,0,1,0,11,0,127,1,11
main,400eb9,2,0,0,0,46875,0,1,0,11,0,127,1,11
main,400ebe,31,0,0,0,46875,0,1,0,11,0,127,1,11
main,400ebe,12,0,0,0,46875,0,1,0,4,0,127,1,4
main,400ec2,34,0,0,0,46875,0,1,0,11,0,127,1,11
main,400ec2,3,0,0,0,46875,0,1,0,11,0,127,1,11
main,400ec9,0,0,0,0,46875,0,1,0,4,0,127,1,4
main,400ec9,0,0,0,0,46875,0,1,0,4,0,127,1,4
main,400eca,10,0,0,0,46875,0,1,0,11,0,127,1,11
main,400eca,11,1,0,0,46875,0,0,1,0,0,0,0,0
main,400ecc,42,0,0,0,46875,0,1,0,11,0,127,1,11
main,400ecc,30,0,0,0,46875,0,1,0,11,0,127,1,11
main,400ed3,0,0,0,0,46875,0,1,0,4,0,127,1,4
main,400ed3,2,0,0,0,46875,0,1,0,11,0,127,1,11
main,400ed4,7,0,0,0,46875,0,1,0,11,0,127,1,11
main,400ed4,14,0,0,0,46875,0,1,0,11,0,127,1,11
main,400edb,2,0,0,0,46875,0,1,0,11,0,127,1,11
main,400edb,3,0,0,0,46875,0,1,0,11,0,127,1,11
main,400edc,17,0,0,0,46875,0,1,0,4,0,127,1,4
main,400edc,8,0,0,0,46875,0,1,0,4,0,127,1,4
main,400ee0,51,0,1,12400,46875,0,0,1,0,0,0,0,0
main,400ee0,4,0,0,0,46875,0,1,0,4,0,127,1,4
main,400ee7,0,0,0,0,46875,0,1,0,11,0,127,1,11
main,400ee7,2,0,0,0,46875,0,1,0,11,0,127,1,11
main,400ee8,10,0,0,0,46875,0,1,0,11,0,127,1,11
main,400ee8,7,0,0,0,46875,0,1,0,11,0,127,1,11
main,400eec,5,0,0,0,46875,0,1,0,4,0,127,1,4
main,400eec,33,1,0,0,46875,0,0,1,0,0,0,0,0
main,400ef3,21,0,0,0,46875,0,1,0,11,0,127,1,11
main,400ef3,27,0,1,937,46875,0,0,1,0,0,0,0,0
main,400ef7,35,0,1,12608,46875,0,0,1,0,0,0,0,0
main,400ef7,24,0,1,12711,46875,0,0,1,0,0,0,0,0
main,400efe,5,0,1,12436,46875,0,0,1,0,0,0,0,0
main,400efe,50,0,0,0,46875,0,1,0,4,0,127,1,4
main,400f05,1,0,0,0,46875,0,1,0,11,0,127,1,11
main,400f05,3,0,0,0,46875,0,1,0,11,0,127,1,11
main,400f06,13,0,1,12599,46875,0,0,1,0,0,0,0,0
main,400f06,13,0,1,12599,46875,0,0,1,0,0,0,0,0
main,400f0b,27,1,0,0,46875,0,0,1,0,0,0,0,0
main,400f0b,39,0,0,0,46875,0,1,0,11,0,127,1,11
main,400f10,8,0,0,0,46875,0,1,0,4,0,127,1,4
main,400f10,6,0,0,0,46875,0,1,0,8,0,127,1,8
main,400f15,13,0,0,0,46875,0,1,0,4,0,127,1,4
main,400f15,16,0,1,5109,46875,1,1,0,0,1,9,0,0
main,400f1c,0,0,0,0,46875,0,1,0,4,0,127,1,4
main,400f1c,0,0,0,0,46875,0,1,0,4,0,127,1,4
main,400f1d,14,0,0,0,46875,0,1,0,11,0,127,1,11
main,400f1d,18,0,0,0,46875,0,1,0,4,0,127,1,4
main,400f24,3,0,0,0,46875,0,1,0,11,0,127,1,11
main,400f24,0,0,0,0,46875,0,1,0,11,0,127,1,11
main,400f25,18,0,1,5070,46875,1,1,0,0,1,9,0,0
main,400f25,11,0,0,0,46875,0,1,0,4,0,127,1,4
main,400f29,4,1,0,0,46875,0,0,1,0,0,0,0,0
main,400f29,43,0,0,0,46875,0,1,0,4,0,127,1,4
main,400f30,1,0,0,0,46875,0,1,0,11,0,127,1,11
main,400f30,3,0,0,0,46875,0,1,0,8,0,127,1,8
main,400f31,18,0,0,0,46875,0,1,0,4,0,127,1,4
main,400f31,18,0,0,0,46875,0,1,0,4,0,127,1,4
main,400f38,0,0,0,0,46875,0,1,0,11,0,127,1,11
main,400f38,0,0,0,0,46875,0,1,0,11,0,127,1,11
main,400f39,53,0,0,0,46875,0,1,0,4,0,127,1,4
main,400f39,51,0,0,0,46875,0,1,0,4,0,127,1,4
main,400f40,0,0,0,0,46875,0,1,0,4,0,127,1,4
main,400f40,2,0,0,0,46875,0,1,0,11,0,127,1,11
main,400f41,13,0,1,937,46875,0,0,1,0,0,0,0,0
main,400f41,13,0,1,937,46875,0,0,1,0,0,0,0,0
main,400f43,1,1,0,0,46875,0,0,1,37,0,0,0,37
main,400f43,34,1,0,0,46875,0,0,1,37,0,0,0,37
main,400f48,10,0,0,0,46875,0,1,0,4,0,127,1,4
main,400f48,5,0,0,0,46875,0,1,0,11,0,127,1,11
main,400f4c,50,0,0,0,46875,0,1,0,4,0,127,1,4
main,400f4c,51,1,0,0,46875,0,0,1,0,0,0,0,0
main,400f53,11,0,0,0,46875,0,1,0,11,0,127,1,11
main,400f53,7,0,0,0,46875,0,1,0,11,0,127,1,11
main,400f55,3,0,0,0,46875,0,1,0,6,0,127,1,6
main,400f55,7,0,0,0,46875,0,1,0,11,0,127,1,11
main,400f57,12,0,0,0,46875,0,1,0,11,0,127,1,11
main,400f57,2,0,0,0,46875,0,1,0,11,0,127,1,11
main,400f5c,1,0,0,0,46875,0,1,0,11,0,127,1,11
main,400f5c,3,0,0,0,46875,0,1,0,11,0,127,1,11
main,400f5d,2,0,0,0,46875,0,1,0,4,0,127,1,4
main,400f5d,3,0,0,0,46875,0,1,0,11,0,127,1,11
rad2deg,400f5e,6,0,0,0,46875,0,1,0,11,0,127,1,11
rad2deg,400f5e,6,0,0,0,46875,0,1,0,11,0,127,1,11
rad2deg,400f5f,6,0,0,0,46875,0,1,0,11,0,127,1,11
rad2deg,400f5f,3,0,0,0,46875,0,1,0,11,0,127,1,11
rad2deg,400f62,13,0,0,0,46875,0,1,0,11,0,127,1,11
rad2deg,400f62,17,0,0,0,46875,0,1,0,11,0,127,1,11
rad2deg,400f67,14,0,0,0,46875,0,1,0,11,0,127,1,11
rad2deg,400f67,21,0,0,0,46875,0,1,0,11,0,127,1,11
rad2deg,400f6c,49,0,0,0,46875,0,1,0,11,0,127,1,11
rad2deg,400f6c,43,0,0,0,46875,0,1,0,11,0,127,1,11
rad2deg,400f73,0,0,0,0,46875,0,1,0,11,0,127,1,11
rad2deg,400f73,1,0,0,0,46875,0,1,0,11,0,127,1,11
rad2deg,400f74,14,0,0,0,46875,0,1,0,11,0,127,1,11
rad2deg,400f74,5,0,0,0,46875,0,1,0,11,0,127,1,11
rad2deg,400f78,55,0,0,0,46875,0,1,0,11,0,127,1,11
rad2deg,400f78,55,0,0,0,46875,0,1,0,11,0,127,1,11
rad2deg,400f7f,0,0,0,0,46875,0,1,0,11,0,127,1,11
rad2deg,400f7f,1,0,0,0,46875,0,1,0,11,0,127,1,11
rad2deg,400f80,28,0,0,0,46875,0,1,0,11,0,127,1,11
rad2deg,400f80,2,0,0,0,46875,0,1,0,11,0,127,1,11
rad2deg,400f84,4,0,0,0,46875,0,1,0,11,0,127,1,11
rad2deg,400f84,7,0,0,0,46875,0,1,0,11,0,127,1,11
rad2deg,400f85,1,0,0,0,46875,0,1,0,11,0,127,1,11
rad2deg,400f85,0,0,0,0,46875,0,1,0,11,0,127,1,11
deg2rad,400f86,6,0,0,0,46875,0,1,0,11,0,127,1,11
deg2rad,400f86,5,0,0,0,46875,0,1,0,11,0,127,1,11
deg2rad,400f87,10,0,0,0,46875,0,1,0,11,0,127,1,11
deg2rad,400f87,7,0,0,0,46875,0,1,0,11,0,127,1,11
deg2rad,400f8a,17,0,0,0,46875,0,1,0,11,0,127,1,11
deg2rad,400f8a,28,0,0,0,46875,0,1,0,11,0,127,1,11
deg2rad,400f8f,35,0,0,0,46875,0,1,0,11,0,127,1,11
deg2rad,400f8f,39,0,0,0,46875,0,1,0,11,0,127,1,11
deg2rad,400f94,10,0,0,0,46875,0,1,0,11,0,127,1,11
deg2rad,400f94,25,0,0,0,46875,0,1,0,11,0,127,1,11
deg2rad,400f9b,3,0,0,0,46875,0,1,0,11,0,127,1,11
deg2rad,400f9b,0,0,0,0,46875,0,1,0,11,0,127,1,11
deg2rad,400f9c,26,0,0,0,46875,0,1,0,11,0,127,1,11
deg2rad,400f9c,17,0,0,0,46875,0,1,0,11,0,127,1,11
deg2rad,400fa0,37,0,0,0,46875,0,1,0,11,0,127,1,11
deg2rad,400fa0,51,0,0,0,46875,0,1,0,11,0,127,1,11
deg2rad,400fa7,0,0,0,0,46875,0,1,0,11,0,127,1,11
deg2rad,400fa7,2,0,0,0,46875,0,1,0,11,0,127,1,11
deg2rad,400fa8,13,0,0,0,46875,0,1,0,11,0,127,1,11
deg2rad,400fa8,10,0,0,0,46875,0,1,0,11,0,127,1,11
deg2rad,400fac,3,0,0,0,46875,0,1,0,11,0,127,1,11
deg2rad,400fac,4,0,0,0,46875,0,1,0,11,0,127,1,11
deg2rad,400fad,2,0,0,0,46875,0,1,0,11,0,127,1,11
deg2rad,400fad,3,0,0,0,46875,0,1,0,11,0,127,1,11
SolveCubic,400fae,5,0,0,0,46875,0,1,0,11,0,127,1,11
SolveCubic,400fae,6,0,0,0,46875,0,1,0,11,0,127,1,11
SolveCubic,400faf,5,0,0,0,46875,0,1,0,11,0,127,1,11
SolveCubic,400faf,10,0,0,0,46875,0,1,0,4,0,127,1,4
SolveCubic,400fb2,6,0,0,0,46875,0,1,0,11,0,127,1,11
SolveCubic,400fb2,7,0,0,0,46875,0,1,0,11,0,127,1,11
SolveCubic,400fb3,2,1,0,0,46875,0,0,1,0,0,0,0,0
SolveCubic,400fb3,44,0,0,0,46875,0,1,0,11,0,127,1,11
SolveCubic,400fba,36,0,0,0,46875,0,1,0,11,0,127,1,11
SolveCubic,400fba,20,0,0,0,46875,0,1,0,11,0,127,1,11
SolveCubic,400fbf,12,0,0,0,46875,0,1,0,4,0,127,1,4
SolveCubic,400fbf,5,0,1,394852,46875,0,0,1,0,0,0,0,0
SolveCubic,400fc4,40,0,0,0,46875,0,1,0,4,0,127,1,4
SolveCubic,400fc4,7,0,1,417196,46875,0,0,1,0,0,0,0,0
SolveCubic,400fcb,1,0,0,0,46875,0,1,0,11,0,127,1,11
SolveCubic,400fcb,2,0,0,0,46875,0,1,0,11,0,127,1,11
SolveCubic,400fcc,32,0,1,328816,46875,0,0,1,0,0,0,0,0
SolveCubic,400fcc,40,0,0,0,46875,0,1,0,4,0,127,1,4
SolveCubic,400fd3,2,0,0,0,46875,0,1,0,11,0,127,1,11
SolveCubic,400fd3,3,0,0,0,46875,0,1,0,11,0,127,1,11
SolveCubic,400fd4,1,1,0,0,46875,0,0,1,0,0,0,0,0
SolveCubic,400fd4,40,0,0,0,46875,0,1,0,11,0,127,1,11
SolveCubic,400fdb,14,0,0,0,46875,0,1,0,4,0,127,1,4
SolveCubic,400fdb,29,0,0,0,46875,0,1,0,11,0,127,1,11
SolveCubic,400fe2,30,0,0,0,46875,0,1,0,11,0,127,1,11
SolveCubic,400fe2,35,0,0,0,46875,0,1,0,11,0,127,1,11
SolveCubic,400fe7,8,0,0,0,46875,0,1,0,4,0,127,1,4
SolveCubic,400fe7,25,0,1,311227,46875,0,0,1,0,0,0,0,0
SolveCubic,400fec,31,0,0,0,46875,0,1,0,11,0,127,1,11
SolveCubic,400fec,10,0,0,0,46875,0,1,0,11,0,127,1,11
SolveCubic,400ff3,1,0,0,0,46875,0,1,0,11,0,127,1,11
SolveCubic,400ff3,1,0,0,0,46875,0,1,0,11,0,127,1,11
SolveCubic,400ff4,24,0,1,394845,46875,0,0,1,0,0,0,0,0
SolveCubic,400ff4,26,0,1,397509,46875,0,0,1,0,0,0,0,0
SolveCubic,400ffa,-1,1,0,0,46875,0,0,1,0,0,0,0,0
SolveCubic,400ffa,-1,1,0,0,46875,0,0,1,0,0,0,0,0
SolveCubic,400ffd,-1,1,0,0,46875,0,0,1,0,0,0,0,0
SolveCubic,400ffd,-1,1,0,0,46875,0,0,1,0,0,0,0,0
SolveCubic,401004,3,0,0,0,46875,0,1,0,8,0,127,1,8
SolveCubic,401004,2,0,0,0,46875,0,1,0,11,0,127,1,11
SolveCubic,401005,29,0,1,128644,46875,0,0,1,0,0,0,0,0
SolveCubic,401005,31,0,1,311227,46875,0,0,1,0,0,0,0,0
SolveCubic,40100a,43,0,0,0,46875,0,1,0,4,0,127,1,4
SolveCubic,40100a,21,0,0,0,46875,0,1,0,11,0,127,1,11
SolveCubic,401011,2,0,0,0,46875,0,1,0,11,0,127,1,11
SolveCubic,401011,0,0,0,0,46875,0,1,0,4,0,127,1,4
SolveCubic,401012,15,0,1,417196,46875,0,0,1,0,0,0,0,0
SolveCubic,401012,14,0,0,0,46875,0,1,0,4,0,127,1,4
SolveCubic,401018,0,0,1,326715,46875,0,0,1,0,0,0,0,0
SolveCubic,401018,10,0,1,419135,46875,0,0,1,0,0,0,0,0
SolveCubic,40101b,49,1,0,0,46875,0,0,1,0,0,0,0,0
SolveCubic,40101b,25,0,1,328816,46875,0,0,1,0,0,0,0,0
SolveCubic,401022,2,0,0,0,46875,0,1,0,11,0,127,1,11
SolveCubic,401022,0,0,0,0,46875,0,1,0,4,0,127,1,4
SolveCubic,401023,39,0,0,0,46875,0,1,0,11,0,127,1,11
SolveCubic,401023,32,0,1,140049,46875,0,0,1,0,0,0,0,0
SolveCubic,401028,3,0,0,0,46875,0,1,0,11,0,127,1,11
SolveCubic,401028,47,0,0,0,46875,0,1,0,4,0,127,1,4
SolveCubic,40102f,1,0,0,0,46875,0,1,0,11,0,127,1,11
SolveCubic,40102f,3,0,0,0,46875,0,1,0,11,0,127,1,11
SolveCubic,401030,33,0,1,391870,46875,0,0,1,0,0,0,0,0
SolveCubic,401030,22,0,1,328816,46875,0,0,1,0,0,0,0,0
SolveCubic,401036,16,0,1,312561,46875,0,0,1,0,0,0,0,0
SolveCubic,401036,1,0,1,324591,46875,0,0,1,0,0,0,0,0
SolveCubic,401039,17,0,1,393152,46875,0,0,1,0,0,0,0,0
SolveCubic,401039,7,0,0,0,46875,0,1,0,11,0,127,1,11
SolveCubic,40103c,0,0,1,326955,46875,0,0,1,0,0,0,0,0
SolveCubic,40103c,2,0,1,404191,46875,0,0,1,0,0,0,0,0
SolveCubic,40103f,8,0,1,402375,46875,0,0,1,0,0,0,0,0
SolveCubic,40103f,11,0,1,400987,46875,0,0,1,0,0,0,0,0
SolveCubic,401041,0,0,1,326955,46875,0,0,1,0,0,0,0,0
SolveCubic,401041,5,0,0,0,46875,0,1,0,11,0,127,1,11
SolveCubic,401044,34,0,1,412540,46875,0,0,1,0,0,0,0,0
SolveCubic,401044,4,0,0,0,46875,0,1,0,11,0,127,1,11
SolveCubic,40104a,10,0,1,413462,46875,0,0,1,0,0,0,0,0
SolveCubic,40104a,0,0,1,315552,46875,0,0,1,0,0,0,0,0
SolveCubic,40104c,4,0,0,0,46875,0,1,0,4,0,127,1,4
SolveCubic,40104c,9,0,1,413303,46875,0,0,1,0,0,0,0,0
SolveCubic,40104e,46,0,0,0,46875,0,1,0,4,0,127,1,4
SolveCubic,40104e,21,0,1,232233,46875,0,0,1,0,0,0,0,0
SolveCubic,401054,11,0,1,407255,46875,0,0,1,0,0,0,0,0
SolveCubic,401054,8,0,1,406685,46875,0,0,1,0,0,0,0,0
SolveCubic,401056,6,0,0,0,46875,1,1,0,0,1,9,0,0
SolveCubic,401056,13,0,1,395200,46875,0,0,1,0,0,0,0,0
SolveCubic,401059,8,0,0,0,46875,0,1,0,11,0,127,1,11
SolveCubic,401059,5,0,0,0,46875,0,1,0,11,0,127,1,11
SolveCubic,40105c,5,0,1,408086,46875,0,0,1,0,0,0,0,0
SolveCubic,40105c,11,0,1,311227,46875,0,0,1,0,0,0,0,0
SolveCubic,40105e,12,0,1,408086,46875,0,0,1,0,0,0,0,0
SolveCubic,40105e,15,0,0,0,46875,0,1,0,11,0,127,1,11
SolveCubic,401060,6,0,0,0,46875,0,1,0,11,0,127,1,11
SolveCubic,401060,5,0,0,0,46875,0,1,0,11,0,127,1,11
SolveCubic,401063,5,0,1,314830,46875,0,0,1,0,0,0,0,0
SolveCubic,401063,6,0,0,0,46875,0,1,0,11,0,127,1,11
SolveCubic,401065,7,0,0,0,46875,0,1,0,11,0,127,1,11
SolveCubic,401065,22,0,1,408682,46875,0,0,1,0,0,0,0,0
SolveCubic,401068,5,0,1,314833,46875,0,0,1,0,0,0,0,0
SolveCubic,401068,15,0,0,0,46875,0,1,0,11,0,127,1,11
SolveCubic,40106a,17,0,1,397092,46875,0,0,1,0,0,0,0,0
SolveCubic,40106a,21,0,1,394755,46875,0,0,1,0,0,0,0,0
SolveCubic,40106d,26,0,1,394755,46875,0,0,1,0,0,0,0,0
SolveCubic,40106d,17,0,1,394755,46875,0,0,1,0,0,0,0,0
SolveCubic,401073,10,0,1,398500,46875,0,0,1,0,0,0,0,0
SolveCubic,401073,12,0,1,311227,46875,0,0,1,0,0,0,0,0
SolveCubic,401075,13,0,1,311227,46875,0,0,1,0,0,0,0,0
SolveCubic,401075,4,0,0,0,46875,0,1,0,11,0,127,1,11
SolveCubic,401078,12,0,1,311227,46875,0,0,1,0,0,0,0,0
SolveCubic,401078,10,0,1,390841,46875,0,0,1,0,0,0,0,0
SolveCubic,40107a,14,0,0,0,46875,0,1,0,11,0,127,1,11
SolveCubic,40107a,10,0,1,394755,46875,0,0,1,0,0,0,0,0
SolveCubic,40107c,23,0,1,328816,46875,0,0,1,0,0,0,0,0
SolveCubic,40107c,9,0,1,255003,46875,0,0,1,0,0,0,0,0
SolveCubic,40107f,18,0,1,328816,46875,0,0,1,0,0,0,0,0
SolveCubic,40107f,5,0,0,0,46875,0,1,0,11,0,127,1,11
SolveCubic,401085,7,0,0,0,46875,0,1,0,11,0,127,1,11
SolveCubic,401085,10,0,1,414586,46875,0,0,1,0,0,0,0,0
SolveCubic,401087,11,0,1,406056,46875,0,0,1,0,0,0,0,0
SolveCubic,401087,12,0,1,328816,46875,0,0,1,0,0,0,0,0
SolveCubic,401089,38,0,1,311227,46875,0,0,1,0,0,0,0,0
SolveCubic,401089,7,0,0,0,46875,0,1,0,11,0,127,1,11
SolveCubic,40108f,11,0,1,415046,46875,0,0,1,0,0,0,0,0
SolveCubic,40108f,4,0,0,0,46875,0,1,0,4,0,127,1,4
SolveCubic,401091,5,0,0,0,46875,0,1,0,11,0,127,1,11
SolveCubic,401091,17,0,1,339306,46875,0,0,1,0,0,0,0,0
SolveCubic,401094,11,0,0,0,46875,0,1,0,4,0,127,1,4
SolveCubic,401094,4,0,0,0,46875,0,1,0,11,0,127,1,11
SolveCubic,401097,15,0,0,0,46875,0,1,0,11,0,127,1,11
SolveCubic,401097,8,0,0,0,46875,0,1,0,11,0,127,1,11
SolveCubic,40109a,11,0,1,405810,46875,0,0,1,0,0,0,0,0
SolveCubic,40109a,0,0,1,333131,46875,0,0,1,0,0,0,0,0
SolveCubic,40109c,22,0,1,326955,46875,0,0,1,0,0,0,0,0
SolveCubic,40109c,5,0,0,0,46875,0,1,0,11,0,127,1,11
SolveCubic,40109f,18,0,1,393541,46875,0,0,1,0,0,0,0,0
SolveCubic,40109f,0,0,1,326955,46875,0,0,1,0,0,0,0,0
SolveCubic,4010a2,1,0,1,332586,46875,0,0,1,0,0,0,0,0
SolveCubic,4010a2,7,0,0,0,46875,0,1,0,11,0,127,1,11
SolveCubic,4010a4,5,0,0,0,46875,0,1,0,11,0,127,1,11
SolveCubic,4010a4,13,0,1,326955,46875,0,0,1,0,0,0,0,0
SolveCubic,4010a7,1,0,1,355839,46875,0,0,1,0,0,0,0,0
SolveCubic,4010a7,11,0,1,406206,46875,0,0,1,0,0,0,0,0
SolveCubic,4010a9,7,0,0,0,46875,0,1,0,11,0,127,1,11
SolveCubic,4010a9,0,0,1,386445,46875,0,0,1,0,0,0,0,0
SolveCubic,4010ab,20,0,1,393720,46875,0,0,1,0,0,0,0,0
SolveCubic,4010ab,2,0,1,393722,46875,0,0,1,0,0,0,0,0
SolveCubic,4010ae,22,0,1,416548,46875,0,0,1,0,0,0,0,0
SolveCubic,4010ae,27,0,1,416548,46875,0,0,1,0,0,0,0,0
SolveCubic,4010b2,4,0,1,411173,46875,0,0,1,0,0,0,0,0
SolveCubic,4010b2,9,0,1,411173,46875,0,0,1,0,0,0,0,0
SolveCubic,4010b7,40,0,1,411582,46875,0,0,1,0,0,0,0,0
SolveCubic,4010b7,26,0,0,0,46875,0,1,0,4,0,127,1,4
SolveCubic,4010bd,0,0,1,381030,46875,0,0,1,0,0,0,0,0
SolveCubic,4010bd,35,0,0,0,46875,0,1,0,11,0,127,1,11
SolveCubic,4010c4,15,0,0,0,46875,0,1,0,11,0,127,1,11
SolveCubic,4010c4,13,0,0,0,46875,0,1,0,4,0,127,1,4
SolveCubic,4010ca,20,0,1,381750,46875,0,0,1,0,0,0,0,0
SolveCubic,4010ca,2,0,1,381750,46875,0,0,1,0,0,0,0,0
SolveCubic,4010cd,17,0,1,228259,46875,0,0,1,0,0,0,0,0
SolveCubic,4010cd,4,0,0,0,46875,0,1,0,11,0,127,1,11
SolveCubic,4010d0,10,0,1,408699,46875,0,0,1,0,0,0,0,0
SolveCubic,4010d0,4,0,0,0,46875,0,1,0,4,0,127,1,4
SolveCubic,4010d2,4,0,0,0,46875,0,1,0,11,0,127,1,11
SolveCubic,4010d2,0,0,1,381750,46875,0,0,1,0,0,0,0,0
SolveCubic,4010d5,9,0,1,408699,46875,0,0,1,0,0,0,0,0
SolveCubic,4010d5,14,0,0,0,46875,0,1,0,11,0,127,1,11
SolveCubic,4010d7,17,0,1,409397,46875,0,0,1,0,0,0,0,0
SolveCubic,4010d7,42,0,1,48501,46875,0,1,0,11,0,127,1,11
SolveCubic,4010dd,14,0,1,406046,46875,0,0,1,0,0,0,0,0
SolveCubic,4010dd,30,0,0,0,46875,0,1,0,4,0,127,1,4
SolveCubic,4010e4,3,0,0,0,46875,0,1,0,8,0,127,1,8
SolveCubic,4010e4,3,0,0,0,46875,0,1,0,8,0,127,1,8
SolveCubic,4010e5,9,0,0,0,46875,0,1,0,4,0,127,1,4
SolveCubic,4010e5,15,0,1,418271,46875,0,0,1,0,0,0,0,0
SolveCubic,4010ea,48,0,1,390426,46875,0,0,1,0,0,0,0,0
SolveCubic,4010ea,29,0,1,401123,46875,0,0,1,0,0,0,0,0
SolveCubic,4010f1,1,0,0,0,46875,0,1,0,11,0,127,1,11
SolveCubic,4010f1,2,0,0,0,46875,0,1,0,11,0,127,1,11
SolveCubic,4010f2,41,0,1,416873,46875,0,0,1,0,0,0,0,0
SolveCubic,4010f2,29,0,1,406046,46875,0,0,1,0,0,0,0,0
SolveCubic,4010f8,7,0,0,0,46875,0,1,0,11,0,127,1,11
SolveCubic,4010f8,1,1,0,0,46875,0,0,1,143,0,0,0,143
SolveCubic,4010fb,8,0,1,405811,46875,0,0,1,0,0,0,0,0
SolveCubic,4010fb,7,0,0,0,46875,0,1,0,5,0,127,1,5
SolveCubic,4010fd,4,0,0,0,46875,0,1,0,11,0,127,1,11
SolveCubic,4010fd,39,0,0,0,46875,0,1,0,4,0,127,1,4
SolveCubic,401103,37,0,1,405811,46875,0,0,1,0,0,0,0,0
SolveCubic,401103,25,0,1,399632,46875,0,0,1,0,0,0,0,0
SolveCubic,40110a,1,0,0,0,46875,0,1,0,11,0,127,1,11
SolveCubic,40110a,2,0,0,0,46875,0,1,0,11,0,127,1,11
SolveCubic,40110b,29,0,0,0,46875,0,1,0,11,0,127,1,11
SolveCubic,40110b,35,0,0,0,46875,1,1,0,0,1,9,0,0
SolveCubic,401110,35,0,0,0,46875,0,1,0,11,0,127,1,11
SolveCubic,401110,33,0,1,410551,46875,0,0,1,0,0,0,0,0
SolveCubic,401115,4,0,0,0,46875,0,1,0,11,0,127,1,11
SolveCubic,401115,28,0,1,421013,46875,0,0,1,0,0,0,0,0
SolveCubic,401119,16,0,1,397138,46875,0,0,1,0,0,0,0,0
SolveCubic,401119,21,0,1,6280,46875,0,0,1,0,0,0,0,0
SolveCubic,40111c,7,0,0,0,46875,0,1,0,5,0,127,1,5
SolveCubic,40111c,22,0,1,414181,46875,0,0,1,0,0,0,0,0
SolveCubic,401122,3,0,0,0,46875,0,1,0,11,0,127,1,11
SolveCubic,401122,14,0,1,6137,46875,0,0,1,0,0,0,0,0
SolveCubic,401129,1,0,0,0,46875,0,1,0,11,0,127,1,11
SolveCubic,401129,0,0,0,0,46875,0,1,0,4,0,127,1,4
SolveCubic,40112a,5,0,0,0,46875,0,1,0,11,0,127,1,11
SolveCubic,40112a,21,0,0,0,46875,0,1,0,11,0,127,1,11
SolveCubic,40112f,25,0,1,398237,46875,0,0,1,0,0,0,0,0
SolveCubic,40112f,6,1,0,0,46875,0,0,1,0,0,0,0,0
SolveCubic,401133,27,1,0,0,46875,0,0,1,0,0,0,0,0
SolveCubic,401133,42,0,0,0,46875,0,1,0,11,0,127,1,11
SolveCubic,40113a,0,0,0,0,46875,0,1,0,11,0,127,1,11
SolveCubic,40113a,2,0,0,0,46875,0,1,0,11,0,127,1,11
SolveCubic,40113b,19,0,1,417199,46875,0,0,1,0,0,0,0,0
SolveCubic,40113b,12,0,0,0,46875,0,1,0,4,0,127,1,4
SolveCubic,40113f,10,0,0,0,46875,0,1,0,11,0,127,1,11
SolveCubic,40113f,24,0,0,0,46875,0,1,0,11,0,127,1,11
SolveCubic,401146,3,0,0,0,46875,0,1,0,8,0,127,1,8
SolveCubic,401146,3,0,0,0,46875,0,1,0,8,0,127,1,8
SolveCubic,401147,9,0,1,5897,46875,0,0,1,0,0,0,0,0
SolveCubic,401147,4,0,1,6340,46875,0,0,1,0,0,0,0,0
SolveCubic,40114c,5,0,0,0,46875,0,1,0,11,0,127,1,11
SolveCubic,40114c,54,0,0,0,46875,0,1,0,4,0,127,1,4
SolveCubic,401153,3,0,0,0,46875,0,1,0,11,0,127,1,11
SolveCubic,401153,0,0,0,0,46875,0,1,0,11,0,127,1,11
SolveCubic,401154,7,0,1,400985,46875,0,0,1,0,0,0,0,0
SolveCubic,401154,19,0,0,0,46875,0,1,0,4,0,127,1,4
SolveCubic,401158,13,0,0,0,46875,0,1,0,11,0,127,1,11
SolveCubic,401158,23,0,0,0,46875,0,1,0,11,0,127,1,11
SolveCubic,40115d,32,0,1,6338,46875,0,0,1,0,0,0,0,0
SolveCubic,40115d,4,0,0,0,46875,0,1,0,4,0,127,1,4
SolveCubic,401164,1,0,0,0,46875,0,1,0,11,0,127,1,11
SolveCubic,401164,3,0,0,0,46875,0,1,0,8,0,127,1,8
SolveCubic,401165,2,0,0,0,46875,0,1,0,11,0,127,1,11
SolveCubic,401165,3,0,0,0,46875,0,1,0,11,0,127,1,11
SolveCubic,40116c,3,0,0,0,46875,0,1,0,4,0,127,1,4
SolveCubic,40116c,0,0,0,0,46875,0,1,0,4,0,127,1,4
SolveCubic,40116d,32,0,1,417199,46875,0,0,1,0,0,0,0,0
SolveCubic,40116d,17,0,1,401197,46875,0,0,1,0,0,0,0,0
SolveCubic,401173,6,0,0,0,46875,0,1,0,11,0,127,1,11
SolveCubic,401173,20,0,1,412729,46875,0,0,1,0,0,0,0,0
SolveCubic,401176,19,0,1,389183,46875,0,0,1,0,0,0,0,0
SolveCubic,401176,26,0,1,412622,46875,0,0,1,0,0,0,0,0
SolveCubic,40117c,6,0,1,415020,46875,0,0,1,0,0,0,0,0
SolveCubic,40117c,7,0,0,0,46875,0,1,0,11,0,127,1,11
SolveCubic,40117e,6,0,0,0,46875,0,1,0,11,0,127,1,11
SolveCubic,40117e,0,0,1,412622,46875,0,0,1,0,0,0,0,0
SolveCubic,401180,47,0,0,0,46875,0,1,0,4,0,127,1,4
SolveCubic,401180,41,0,0,0,46875,0,1,0,11,0,127,1,11
SolveCubic,401186,7,0,1,412622,46875,0,0,1,0,0,0,0,0
SolveCubic,401186,48,0,1,412622,46875,0,0,1,0,0,0,0,0
SolveCubic,40118d,1,0,0,0,46875,0,1,0,11,0,127,1,11
SolveCubic,40118d,1,0,0,0,46875,0,1,0,11,0,127,1,11
SolveCubic,40118e,30,0,0,0,46875,0,1,0,11,0,127,1,11
SolveCubic,40118e,13,0,0,0,46875,0,1,0,11,0,127,1,11
SolveCubic,401195,13,0,0,0,46875,0,1,0,4,0,127,1,4
SolveCubic,401195,13,0,0,0,46875,0,1,0,4,0,127,1,4
SolveCubic,401199,0,0,0,0,46875,0,1,0,11,0,127,1,11
SolveCubic,401199,2,1,0,0,46875,0,0,1,0,0,0,0,0
SolveCubic,4011a0,21,0,0,0,46875,0,1,0,11,0,127,1,11
SolveCubic,4011a0,25,0,1,295015,46875,0,0,1,0,0,0,0,0
SolveCubic,4011a4,14,0,0,0,46875,0,1,0,11,0,127,1,11
SolveCubic,4011a4,2,0,1,410447,46875,0,0,1,0,0,0,0,0
SolveCubic,4011a7,36,0,0,0,46875,0,1,0,11,0,127,1,11
SolveCubic,4011a7,33,0,1,417793,46875,0,0,1,0,0,0,0,0
SolveCubic,4011ad,13,0,0,0,46875,0,1,0,4,0,127,1,4
SolveCubic,4011ad,4,0,1,420668,46875,0,0,1,0,0,0,0,0
SolveCubic,4011b4,1,0,0,0,46875,0,1,0,11,0,127,1,11
SolveCubic,4011b4,2,0,0,0,46875,0,1,0,11,0,127,1,11
SolveCubic,4011b5,29,0,0,0,46875,0,1,0,11,0,127,1,11
SolveCubic,4011b5,39,0,0,0,46875,0,1,0,11,0,127,1,11
SolveCubic,4011ba,18,0,1,410447,46875,0,0,1,0,0,0,0,0
SolveCubic,4011ba,0,1,0,0,46875,0,0,1,0,0,0,0,0
SolveCubic,4011be,42,0,1,421009,46875,0,0,1,0,0,0,0,0
SolveCubic,4011be,16,0,1,381795,46875,0,0,1,0,0,0,0,0
SolveCubic,4011c5,3,0,0,0,46875,0,1,0,11,0,127,1,11
SolveCubic,4011c5,0,0,0,0,46875,0,1,0,11,0,127,1,11
SolveCubic,4011c6,25,0,1,421014,46875,0,0,1,0,0,0,0,0
SolveCubic,4011c6,22,0,1,420994,46875,0,0,1,0,0,0,0,0
SolveCubic,4011ca,34,0,0,0,46875,0,1,0,11,0,127,1,11
SolveCubic,4011ca,40,0,0,0,46875,0,1,0,4,0,127,1,4
SolveCubic,4011d1,2,0,0,0,46875,0,1,0,11,0,127,1,11
SolveCubic,4011d1,3,0,0,0,46875,0,1,0,8,0,127,1,8
SolveCubic,4011d2,29,0,1,421017,46875,0,0,1,0,0,0,0,0
SolveCubic,4011d2,20,0,0,0,46875,0,1,0,11,0,127,1,11
SolveCubic,4011d7,4,0,0,0,46875,0,1,0,11,0,127,1,11
SolveCubic,4011d7,11,0,0,0,46875,0,1,0,4,0,127,1,4
SolveCubic,4011de,2,0,0,0,46875,0,1,0,11,0,127,1,11
SolveCubic,4011de,1,0,0,0,46875,0,1,0,11,0,127,1,11
SolveCubic,4011df,13,0,0,0,46875,0,1,0,4,0,127,1,4
SolveCubic,4011df,31,0,0,0,46875,0,1,0,11,0,127,1,11
SolveCubic,4011e3,6,0,1,421246,46875,0,0,1,0,0,0,0,0
SolveCubic,4011e3,44,0,0,0,46875,0,1,0,4,0,127,1,4
SolveCubic,4011ea,1,0,0,0,46875,0,1,0,11,0,127,1,11
SolveCubic,4011ea,2,0,0,0,46875,0,1,0,11,0,127,1,11
SolveCubic,4011eb,13,0,0,0,46875,0,1,0,4,0,127,1,4
SolveCubic,4011eb,15,0,0,0,46875,0,1,0,4,0,127,1,4
SolveCubic,4011ef,38,0,0,0,46875,0,1,0,11,0,127,1,11
SolveCubic,4011ef,30,0,0,0,46875,0,1,0,11,0,127,1,11
SolveCubic,4011f4,53,0,0,0,46875,0,1,0,4,0,127,1,4
SolveCubic,4011f4,35,0,0,0,46875,0,1,0,11,0,127,1,11
SolveCubic,4011fb,1,0,0,0,46875,0,1,0,11,0,127,1,11
SolveCubic,4011fb,3,0,0,0,46875,0,1,0,8,0,127,1,8
SolveCubic,4011fc,36,0,1,410447,46875,0,0,1,0,0,0,0,0
SolveCubic,4011fc,39,0,1,420984,46875,0,0,1,0,0,0,0,0
SolveCubic,401203,3,0,0,0,46875,0,1,0,11,0,127,1,11
SolveCubic,401203,3,0,0,0,46875,0,1,0,11,0,127,1,11
SolveCubic,401204,16,0,1,413622,46875,0,0,1,0,0,0,0,0
SolveCubic,401204,0,0,1,410447,46875,0,0,1,0,0,0,0,0
SolveCubic,40120a,18,0,1,422923,46875,0,0,1,0,0,0,0,0
SolveCubic,40120a,18,0,1,422923,46875,0,0,1,0,0,0,0,0
SolveCubic,40120d,41,0,0,0,46875,0,1,0,11,0,127,1,11
SolveCubic,40120d,24,0,1,413861,46875,0,0,1,0,0,0,0,0
SolveCubic,401213,1,0,1,417926,46875,0,0,1,0,0,0,0,0
SolveCubic,401213,14,0,0,0,46875,0,1,0,11,0,127,1,11
SolveCubic,401215,5,0,0,0,46875,0,1,0,4,0,127,1,4
SolveCubic,401215,14,0,0,0,46875,0,1,0,11,0,127,1,11
SolveCubic,401217,17,0,1,417414,46875,0,0,1,0,0,0,0,0
SolveCubic,401217,47,0,0,0,46875,0,1,0,11,0,127,1,11
SolveCubic,40121d,43,0,0,0,46875,0,1,0,4,0,127,1,4
SolveCubic,40121d,39,0,1,5118,46875,0,0,1,0,0,0,0,0
SolveCubic,401224,2,0,0,0,46875,0,1,0,11,0,127,1,11
SolveCubic,401224,1,0,0,0,46875,0,1,0,11,0,127,1,11
SolveCubic,401225,11,0,0,0,46875,0,1,0,4,0,127,1,4
SolveCubic,401225,15,0,0,0,46875,0,1,0,4,0,127,1,4
SolveCubic,401229,19,0,0,0,46875,0,1,0,11,0,127,1,11
SolveCubic,401229,48,0,0,0,46875,0,1,0,11,0,127,1,11
SolveCubic,401230,30,0,1,420036,46875,0,0,1,0,0,0,0,0
SolveCubic,401230,2,0,1,15245,46875,0,0,1,0,0,0,0,0
SolveCubic,401234,22,0,1,232972,46875,0,0,1,0,0,0,0,0
SolveCubic,401234,19,0,1,406573,46875,0,0,1,0,0,0,0,0
SolveCubic,401237,5,0,0,0,46875,0,1,0,4,0,127,1,4
SolveCubic,401237,43,0,1,352744,46875,0,0,1,0,0,0,0,0
SolveCubic,40123d,18,0,0,0,46875,0,1,0,4,0,127,1,4
SolveCubic,40123d,33,0,0,0,46875,0,1,0,4,0,127,1,4
SolveCubic,401244,3,0,0,0,46875,0,1,0,11,0,127,1,11
SolveCubic,401244,2,0,0,0,46875,0,1,0,11,0,127,1,11
SolveCubic,401245,13,0,1,422993,46875,0,1,0,11,0,127,1,11
SolveCubic,401245,27,0,0,0,46875,0,1,0,11,0,127,1,11
SolveCubic,40124a,18,0,1,417176,46875,0,0,1,0,0,0,0,0
SolveCubic,40124a,23,0,0,0,46875,0,1,0,11,0,127,1,11
SolveCubic,40124e,29,0,1,6032,46875,0,0,1,0,0,0,0,0
SolveCubic,40124e,3,0,0,0,46875,0,1,0,11,0,127,1,11
SolveCubic,401255,3,0,0,0,46875,0,1,0,11,0,127,1,11
SolveCubic,401255,2,0,0,0,46875,0,1,0,11,0,127,1,11
SolveCubic,401256,26,0,1,6015,46875,0,0,1,0,0,0,0,0
SolveCubic,401256,4,0,1,5665,46875,0,0,1,0,0,0,0,0
SolveCubic,40125a,20,0,0,0,46875,0,1,0,11,0,127,1,11
SolveCubic,40125a,35,0,0,0,46875,0,1,0,11,0,127,1,11
SolveCubic,401261,3,0,0,0,46875,0,1,0,8,0,127,1,8
SolveCubic,401261,3,0,0,0,46875,0,1,0,8,0,127,1,8
SolveCubic,401262,18,0,0,0,46875,0,1,0,4,0,127,1,4
SolveCubic,401262,33,0,0,0,46875,0,1,0,4,0,127,1,4
SolveCubic,401267,24,0,0,0,46875,0,1,0,11,0,127,1,11
SolveCubic,401267,29,0,1,6340,46875,0,0,1,0,0,0,0,0
SolveCubic,40126e,1,0,0,0,46875,0,1,0,11,0,127,1,11
SolveCubic,40126e,0,0,0,0,46875,0,1,0,11,0,127,1,11
SolveCubic,40126f,13,0,0,0,46875,0,1,0,4,0,127,1,4
SolveCubic,40126f,15,0,0,0,46875,0,1,0,4,0,127,1,4
SolveCubic,401273,22,0,0,0,46875,0,1,0,4,0,127,1,4
SolveCubic,401273,11,0,0,0,46875,0,1,0,4,0,127,1,4
SolveCubic,40127a,3,0,0,0,46875,0,1,0,11,0,127,1,11
SolveCubic,40127a,3,0,0,0,46875,0,1,0,11,0,127,1,11
SolveCubic,40127b,15,0,0,0,46875,0,1,0,4,0,127,1,4
SolveCubic,40127b,21,0,0,0,46875,0,1,0,4,0,127,1,4
SolveCubic,40127f,29,0,0,0,46875,0,1,0,11,0,127,1,11
SolveCubic,40127f,10,0,0,0,46875,0,1,0,11,0,127,1,11
SolveCubic,401284,7,0,0,0,46875,0,1,0,11,0,127,1,11
SolveCubic,401284,42,0,0,0,46875,0,1,0,11,0,127,1,11
SolveCubic,40128b,1,0,0,0,46875,0,1,0,11,0,127,1,11
SolveCubic,40128b,2,0,0,0,46875,0,1,0,11,0,127,1,11
SolveCubic,40128c,41,0,0,0,46875,0,1,0,4,0,127,1,4
SolveCubic,40128c,50,0,0,0,46875,0,1,0,4,0,127,1,4
SolveCubic,401293,1,0,0,0,46875,0,1,0,11,0,127,1,11
SolveCubic,401293,0,0,0,0,46875,0,1,0,4,0,127,1,4
SolveCubic,401294,32,0,1,417176,46875,0,0,1,0,0,0,0,0
SolveCubic,401294,31,0,0,0,46875,0,1,0,11,0,127,1,11
SolveCubic,40129a,13,0,1,417176,46875,0,0,1,0,0,0,0,0
SolveCubic,40129a,5,0,0,0,46875,0,1,0,11,0,127,1,11
SolveCubic,40129d,43,0,0,0,46875,0,1,0,4,0,127,1,4
SolveCubic,40129d,16,0,1,417176,46875,0,0,1,0,0,0,0,0
SolveCubic,4012a3,4,0,0,0,46875,0,1,0,4,0,127,1,4
SolveCubic,4012a3,5,0,0,0,46875,0,1,0,4,0,127,1,4
SolveCubic,4012a5,2,0,1,417176,46875,0,0,1,0,0,0,0,0
SolveCubic,4012a5,5,0,0,0,46875,0,1,0,4,0,127,1,4
SolveCubic,4012a7,11,0,1,394578,46875,0,0,1,0,0,0,0,0
SolveCubic,4012a7,35,0,0,0,46875,0,1,0,4,0,127,1,4
SolveCubic,4012ad,9,0,0,0,46875,0,1,0,4,0,127,1,4
SolveCubic,4012ad,24,0,0,0,46875,0,1,0,11,0,127,1,11
SolveCubic,4012b4,2,0,0,0,46875,0,1,0,11,0,127,1,11
SolveCubic,4012b4,3,0,0,0,46875,0,1,0,8,0,127,1,8
SolveCubic,4012b5,28,0,1,413269,46875,0,0,1,0,0,0,0,0
SolveCubic,4012b5,13,0,0,0,46875,0,1,0,4,0,127,1,4
SolveCubic,4012b9,2,0,0,0,46875,0,1,0,11,0,127,1,11
SolveCubic,4012b9,27,0,0,0,46875,0,1,0,11,0,127,1,11
SolveCubic,4012be,43,0,0,0,46875,0,1,0,11,0,127,1,11
SolveCubic,4012be,15,0,0,0,46875,0,1,0,11,0,127,1,11
SolveCubic,4012c5,13,0,0,0,46875,0,1,0,4,0,127,1,4
SolveCubic,4012c5,26,0,1,47967,46875,0,1,0,11,0,127,1,11
SolveCubic,4012cb,17,0,1,405668,46875,0,0,1,0,0,0,0,0
SolveCubic,4012cb,2,0,1,405668,46875,0,0,1,0,0,0,0,0
SolveCubic,4012cf,36,0,0,0,46875,0,1,0,11,0,127,1,11
SolveCubic,4012cf,26,0,1,404405,46875,0,0,1,0,0,0,0,0
SolveCubic,4012d6,28,0,1,405668,46875,0,0,1,0,0,0,0,0
SolveCubic,4012d6,10,0,0,0,46875,0,1,0,11,0,127,1,11
SolveCubic,4012dd,3,0,0,0,46875,0,1,0,4,0,127,1,4
SolveCubic,4012dd,0,0,0,0,46875,0,1,0,4,0,127,1,4
SolveCubic,4012de,17,0,0,0,46875,0,1,0,11,0,127,1,11
SolveCubic,4012de,24,0,0,0,46875,0,1,0,11,0,127,1,11
SolveCubic,4012e3,17,0,1,335080,46875,0,0,1,0,0,0,0,0
SolveCubic,4012e3,20,0,0,0,46875,0,1,0,4,0,127,1,4
SolveCubic,4012e7,0,0,1,335080,46875,0,0,1,0,0,0,0,0
SolveCubic,4012e7,6,0,0,0,46875,0,1,0,11,0,127,1,11
SolveCubic,4012ea,42,0,1,69754,46875,0,1,0,11,0,127,1,11
SolveCubic,4012ea,18,0,0,0,46875,0,1,0,11,0,127,1,11
SolveCubic,4012f0,3,0,0,0,46875,0,1,0,11,0,127,1,11
SolveCubic,4012f0,29,0,1,107700,46875,0,0,1,0,0,0,0,0
SolveCubic,4012f7,1,0,0,0,46875,0,1,0,11,0,127,1,11
SolveCubic,4012f7,0,0,0,0,46875,0,1,0,4,0,127,1,4
SolveCubic,4012f8,37,0,1,374109,46875,0,0,1,0,0,0,0,0
SolveCubic,4012f8,16,0,1,374109,46875,0,0,1,0,0,0,0,0
SolveCubic,4012ff,3,0,0,0,46875,0,1,0,11,0,127,1,11
SolveCubic,4012ff,1,0,0,0,46875,0,1,0,11,0,127,1,11
SolveCubic,401300,21,0,1,376665,46875,0,0,1,0,0,0,0,0
SolveCubic,401300,13,0,0,0,46875,0,1,0,4,0,127,1,4
SolveCubic,401304,20,0,1,405668,46875,0,0,1,0,0,0,0,0
SolveCubic,401304,24,0,1,362736,46875,0,0,1,0,0,0,0,0
SolveCubic,401308,45,0,0,0,46875,0,1,0,4,0,127,1,4
SolveCubic,401308,17,1,0,0,46875,0,0,1,0,0,0,0,0
SolveCubic,40130f,3,0,0,0,46875,0,1,0,4,0,127,1,4
SolveCubic,40130f,2,0,0,0,46875,0,1,0,4,0,127,1,4
SolveCubic,401310,11,0,0,0,46875,0,1,0,11,0,127,1,11
SolveCubic,401310,15,0,0,0,46875,0,1,0,4,0,127,1,4
SolveCubic,401315,9,1,0,0,46875,0,0,1,0,0,0,0,0
SolveCubic,401315,39,0,0,0,46875,0,1,0,11,0,127,1,11
SolveCubic,40131a,1,1,0,0,46875,0,0,1,0,0,0,0,0
SolveCubic,40131a,12,0,0,0,46875,0,1,0,11,0,127,1,11
SolveCubic,401321,20,0,1,412020,46875,0,0,1,0,0,0,0,0
SolveCubic,401321,11,0,0,0,46875,0,1,0,4,0,127,1,4
SolveCubic,401324,12,0,0,0,46875,0,1,0,4,0,127,1,4
SolveCubic,401324,29,0,0,0,46875,0,1,0,11,0,127,1,11
SolveCubic,40132b,15,0,0,0,46875,0,1,0,11,0,127,1,11
SolveCubic,40132b,12,0,1,348352,46875,0,0,1,0,0,0,0,0
SolveCubic,40132d,51,1,0,0,46875,0,0,1,0,0,0,0,0
SolveCubic,40132d,17,0,0,0,46875,0,1,0,11,0,127,1,11
SolveCubic,401334,15,0,0,0,46875,0,1,0,11,0,127,1,11
SolveCubic,401334,14,0,0,0,46875,0,1,0,11,0,127,1,11
SolveCubic,401336,6,0,0,0,46875,0,1,0,11,0,127,1,11
SolveCubic,401336,12,0,1,348352,46875,0,0,1,0,0,0,0,0
SolveCubic,401339,10,0,1,109050,46875,0,0,1,0,0,0,0,0
SolveCubic,401339,12,0,1,405895,46875,0,0,1,0,0,0,0,0
SolveCubic,40133b,12,0,1,378215,46875,0,0,1,0,0,0,0,0
SolveCubic,40133b,5,0,1,333259,46875,0,0,1,0,0,0,0,0
SolveCubic,40133d,37,0,0,0,46875,0,1,0,5,0,127,1,5
SolveCubic,40133d,18,0,0,0,46875,0,1,0,11,0,127,1,11
SolveCubic,401343,51,0,1,378215,46875,0,0,1,0,0,0,0,0
SolveCubic,401343,18,0,0,0,46875,0,1,0,4,0,127,1,4
SolveCubic,40134a,2,0,0,0,46875,0,1,0,11,0,127,1,11
SolveCubic,40134a,0,0,0,0,46875,0,1,0,4,0,127,1,4
SolveCubic,40134b,35,0,0,0,46875,0,1,0,11,0,127,1,11
SolveCubic,40134b,5,0,0,0,46875,0,1,0,4,0,127,1,4
SolveCubic,401352,14,0,0,0,46875,0,1,0,11,0,127,1,11
SolveCubic,401352,15,0,0,0,46875,0,1,0,4,0,127,1,4
SolveCubic,401356,53,0,0,0,46875,0,1,0,11,0,127,1,11
SolveCubic,401356,55,0,0,0,46875,0,1,0,11,0,127,1,11
SolveCubic,40135d,30,0,0,0,46875,0,1,0,11,0,127,1,11
SolveCubic,40135d,6,0,1,335080,46875,0,0,1,0,0,0,0,0
SolveCubic,401361,3,0,1,381842,46875,0,0,1,0,0,0,0,0
SolveCubic,401361,10,1,0,0,46875,0,0,1,0,0,0,0,0
SolveCubic,401363,17,0,1,384390,46875,0,0,1,0,0,0,0,0
SolveCubic,401363,7,0,0,0,46875,0,1,0,11,0,127,1,11
SolveCubic,401366,8,0,1,381842,46875,0,0,1,0,0,0,0,0
SolveCubic,401366,1,0,1,381842,46875,0,0,1,0,0,0,0,0
SolveCubic,401368,12,0,0,0,46875,0,1,0,4,0,127,1,4
SolveCubic,401368,11,0,0,0,46875,0,1,0,4,0,127,1,4
SolveCubic,40136a,10,1,0,0,46875,0,0,1,0,0,0,0,0
SolveCubic,40136a,11,0,1,289261,46875,0,0,1,0,0,0,0,0
SolveCubic,40136c,10,1,0,0,46875,0,0,1,0,0,0,0,0
SolveCubic,40136c,9,1,0,0,46875,0,0,1,0,0,0,0,0
SolveCubic,40136e,23,0,1,353349,46875,0,0,1,0,0,0,0,0
SolveCubic,40136e,12,0,0,0,46875,0,1,0,4,0,127,1,4
SolveCubic,401375,1,0,0,0,46875,0,1,0,11,0,127,1,11
SolveCubic,401375,0,0,0,0,46875,0,1,0,11,0,127,1,11
SolveCubic,401376,10,0,1,421718,46875,0,0,1,0,0,0,0,0
SolveCubic,401376,10,0,1,421718,46875,0,0,1,0,0,0,0,0
SolveCubic,401378,14,1,0,0,46875,0,0,1,0,0,0,0,0
SolveCubic,401378,53,1,0,0,46875,0,0,1,0,0,0,0,0
SolveCubic,40137f,0,1,0,0,46875,0,0,1,0,0,0,0,0
SolveCubic,40137f,0,1,0,0,46875,0,0,1,0,0,0,0,0
SolveCubic,401380,13,0,0,0,46875,0,1,0,4,0,127,1,4
SolveCubic,401380,0,0,1,421720,46875,0,0,1,0,0,0,0,0
SolveCubic,401384,54,0,0,0,46875,0,1,0,4,0,127,1,4
SolveCubic,401384,19,1,0,0,46875,0,0,1,0,0,0,0,0
SolveCubic,40138b,15,0,0,0,46875,0,1,0,4,0,127,1,4
SolveCubic,40138b,11,0,0,0,46875,0,1,0,4,0,127,1,4
SolveCubic,40138f,19,1,0,0,46875,0,0,1,0,0,0,0,0
SolveCubic,40138f,29,0,0,0,46875,0,1,0,11,0,127,1,11
SolveCubic,401396,1,0,1,406794,46875,0,0,1,0,0,0,0,0
SolveCubic,401396,6,0,0,0,46875,0,1,0,5,0,127,1,5
SolveCubic,401398,16,0,1,397362,46875,0,0,1,0,0,0,0,0
SolveCubic,401398,11,0,0,0,46875,0,1,0,4,0,127,1,4
SolveCubic,40139b,22,0,1,312546,46875,0,0,1,0,0,0,0,0
SolveCubic,40139b,16,0,1,348352,46875,0,0,1,0,0,0,0,0
SolveCubic,4013a1,4,0,0,0,46875,0,1,0,4,0,127,1,4
SolveCubic,4013a1,2,0,0,0,46875,0,1,0,4,0,127,1,4
SolveCubic,4013a3,11,0,1,405462,46875,0,0,1,0,0,0,0,0
SolveCubic,4013a3,14,0,0,0,46875,0,1,0,11,0,127,1,11
SolveCubic,4013a5,29,0,1,413173,46875,0,0,1,0,0,0,0,0
SolveCubic,4013a5,21,0,1,413173,46875,0,0,1,0,0,0,0,0
SolveCubic,4013ab,23,0,1,413173,46875,0,0,1,0,0,0,0,0
SolveCubic,4013ab,52,0,0,0,46875,0,1,0,11,0,127,1,11
SolveCubic,4013b2,2,0,0,0,46875,0,1,0,11,0,127,1,11
SolveCubic,4013b2,0,0,0,0,46875,0,1,0,4,0,127,1,4
SolveCubic,4013b3,48,0,0,0,46875,0,1,0,11,0,127,1,11
SolveCubic,4013b3,12,0,0,0,46875,0,1,0,4,0,127,1,4
SolveCubic,4013ba,7,0,1,413182,46875,0,0,1,0,0,0,0,0
SolveCubic,4013ba,22,0,1,413173,46875,0,0,1,0,0,0,0,0
SolveCubic,4013be,1,1,0,0,46875,0,0,1,0,0,0,0,0
SolveCubic,4013be,3,1,0,0,46875,0,0,1,0,0,0,0,0
SolveCubic,4013bf,55,0,0,0,46875,0,1,0,11,0,127,1,11
SolveCubic,4013bf,14,0,0,0,46875,0,1,0,11,0,127,1,11
SolveCubic,4013c6,3,0,0,0,46875,0,1,0,11,0,127,1,11
SolveCubic,4013c6,5,0,0,0,46875,0,1,0,11,0,127,1,11
SolveCubic,4013c7,1,0,1,341001,46875,1,1,0,0,1,9,0,0
SolveCubic,4013c7,2,0,1,341001,46875,1,1,0,0,1,9,0,0
SolveCubic,4013c8,0,0,0,0,46875,0,1,0,11,0,127,1,11
SolveCubic,4013c8,4,0,0,0,46875,0,1,0,11,0,127,1,11
usqrt,4013c9,0,0,1,44908,46875,1,1,0,0,1,9,0,0
usqrt,4013c9,1,0,0,0,46875,0,1,0,11,0,127,1,11
usqrt,4013ca,3,0,0,0,46875,0,1,0,11,0,127,1,11
usqrt,4013ca,0,1,0,0,46875,0,0,1,0,0,0,0,0
usqrt,4013cd,4,1,0,0,46875,0,0,1,0,0,0,0,0
usqrt,4013cd,25,1,0,0,46875,0,0,1,0,0,0,0,0
usqrt,4013d1,0,0,1,40583,46875,0,0,1,0,0,0,0,0
usqrt,4013d1,24,0,1,43689,46875,0,0,1,0,0,0,0,0
usqrt,4013d5,27,0,1,31095,46875,0,0,1,0,0,0,0,0
usqrt,4013d5,27,0,1,31095,46875,0,0,1,0,0,0,0,0
usqrt,4013d9,55,0,0,0,46875,0,1,0,6,0,127,1,6
usqrt,4013d9,16,0,0,0,46875,0,1,0,6,0,127,1,6
usqrt,4013e0,5,0,0,0,46875,0,1,0,11,0,127,1,11
usqrt,4013e0,2,0,0,0,46875,0,1,0,6,0,127,1,6
usqrt,4013e2,20,0,0,0,46875,0,1,0,6,0,127,1,6
usqrt,4013e2,11,0,0,0,46875,0,1,0,11,0,127,1,11
usqrt,4013e6,11,1,0,0,46875,0,0,1,0,0,0,0,0
usqrt,4013e6,13,1,0,0,46875,0,0,1,0,0,0,0,0
usqrt,4013e8,31,0,1,40545,46875,0,0,1,0,0,0,0,0
usqrt,4013e8,42,0,0,0,46875,0,1,0,11,0,127,1,11
usqrt,4013ef,3,0,1,31095,46875,0,1,0,11,0,127,1,11
usqrt,4013ef,0,0,1,31095,46875,0,1,0,11,0,127,1,11
usqrt,4013f0,45,0,0,0,46875,0,1,0,11,0,127,1,11
usqrt,4013f0,34,1,0,0,46875,0,0,1,0,0,0,0,0
usqrt,4013f7,2,0,1,40452,46875,0,0,1,0,0,0,0,0
usqrt,4013f7,1,0,1,40452,46875,0,0,1,0,0,0,0,0
usqrt,4013f8,15,0,0,0,46875,0,1,0,11,0,127,1,11
usqrt,4013f8,55,0,0,0,46875,0,1,0,11,0,127,1,11
usqrt,4013ff,3,0,0,0,46875,0,1,0,11,0,127,1,11
usqrt,4013ff,3,0,0,0,46875,0,1,0,11,0,127,1,11
usqrt,401400,36,0,0,0,46875,0,1,0,11,0,127,1,11
usqrt,401400,19,0,1,31095,46875,0,0,1,0,0,0,0,0
usqrt,401407,9,0,0,0,46875,0,1,0,11,0,127,1,11
usqrt,401407,7,0,0,0,46875,0,1,0,11,0,127,1,11
usqrt,401409,11,0,1,44837,46875,0,0,1,0,0,0,0,0
usqrt,401409,13,0,0,0,46875,0,1,0,11,0,127,1,11
usqrt,40140d,40,0,0,0,46875,0,1,0,11,0,127,1,11
usqrt,40140d,27,0,1,40639,46875,0,0,1,0,0,0,0,0
usqrt,401414,2,0,1,40452,46875,0,0,1,0,0,0,0,0
usqrt,401414,3,0,1,40452,46875,0,0,1,0,0,0,0,0
usqrt,401415,7,0,0,0,46875,0,1,0,11,0,127,1,11
usqrt,401415,13,0,0,0,46875,0,1,0,11,0,127,1,11
usqrt,401419,3,0,1,44354,46875,0,0,1,0,0,0,0,0
usqrt,401419,8,1,0,0,46875,0,0,1,0,0,0,0,0
usqrt,40141e,27,0,1,44703,46875,0,0,1,0,0,0,0,0
usqrt,40141e,23,0,0,0,46875,0,1,0,11,0,127,1,11
usqrt,401422,3,1,0,0,46875,0,0,1,0,0,0,0,0
usqrt,401422,22,0,0,0,46875,0,1,0,11,0,127,1,11
usqrt,401425,20,0,1,31095,46875,0,0,1,0,0,0,0,0
usqrt,401425,2,0,1,31097,46875,0,0,1,0,0,0,0,0
usqrt,401429,0,0,1,31095,46875,0,0,1,0,0,0,0,0
usqrt,401429,0,0,1,31095,46875,0,0,1,0,0,0,0,0
usqrt,40142e,18,0,0,0,46875,0,1,0,11,0,127,1,11
usqrt,40142e,6,0,0,0,46875,0,1,0,11,0,127,1,11
usqrt,401432,2,0,1,40586,46875,0,0,1,0,0,0,0,0
usqrt,401432,16,0,1,39669,46875,0,0,1,0,0,0,0,0
usqrt,401435,31,0,1,39669,46875,0,0,1,0,0,0,0,0
usqrt,401435,18,0,0,0,46875,0,1,0,11,0,127,1,11
usqrt,401439,7,0,0,0,46875,0,1,0,11,0,127,1,11
usqrt,401439,18,0,0,0,46875,0,1,0,11,0,127,1,11
usqrt,40143d,1,1,0,0,46875,0,0,1,0,0,0,0,0
usqrt,40143d,19,0,1,39455,46875,0,0,1,0,0,0,0,0
usqrt,401440,14,0,0,0,46875,0,1,0,11,0,127,1,11
usqrt,401440,2,1,0,0,46875,0,0,1,0,0,0,0,0
usqrt,401444,2,0,1,40450,46875,0,0,1,0,0,0,0,0
usqrt,401444,25,0,0,0,46875,0,1,0,6,0,127,1,6
usqrt,401448,16,0,0,0,46875,0,1,0,11,0,127,1,11
usqrt,401448,18,0,0,0,46875,0,1,0,11,0,127,1,11
usqrt,40144c,5,0,1,40452,46875,0,0,1,0,0,0,0,0
usqrt,40144c,22,0,0,0,46875,0,1,0,11,0,127,1,11
usqrt,401450,13,0,0,0,46875,0,1,0,11,0,127,1,11
usqrt,401450,12,0,1,40452,46875,0,0,1,0,0,0,0,0
usqrt,401452,3,1,0,0,46875,0,0,1,0,0,0,0,0
usqrt,401452,0,0,1,44703,46875,0,0,1,0,0,0,0,0
usqrt,401456,4,0,1,44703,46875,0,0,1,0,0,0,0,0
usqrt,401456,30,0,1,44791,46875,0,0,1,0,0,0,0,0
usqrt,40145a,24,0,1,40743,46875,0,0,1,0,0,0,0,0
usqrt,40145a,7,0,0,0,46875,0,1,0,11,0,127,1,11
usqrt,40145e,21,0,1,31095,46875,0,0,1,0,0,0,0,0
usqrt,40145e,12,0,0,0,46875,0,1,0,11,0,127,1,11
usqrt,401462,9,0,1,31095,46875,0,0,1,0,0,0,0,0
usqrt,401462,13,0,0,0,46875,0,1,0,11,0,127,1,11
usqrt,401466,20,0,0,0,46875,1,1,0,0,1,9,0,0
usqrt,401466,27,0,1,31095,46875,0,0,1,0,0,0,0,0
usqrt,40146a,19,0,1,31095,46875,0,0,1,0,0,0,0,0
usqrt,40146a,15,0,0,0,46875,0,1,0,4,0,127,1,4
usqrt,40146e,11,0,0,0,46875,0,1,0,11,0,127,1,11
usqrt,40146e,2,0,1,31095,46875,0,0,1,0,0,0,0,0
usqrt,401470,1,1,0,0,46875,0,0,1,0,0,0,0,0
usqrt,401470,2,0,1,43987,46875,0,0,1,0,0,0,0,0
usqrt,401474,5,0,0,0,46875,0,1,0,11,0,127,1,11
usqrt,401474,26,0,0,0,46875,0,1,0,11,0,127,1,11
usqrt,401478,6,0,0,0,46875,0,1,0,11,0,127,1,11
usqrt,401478,3,1,0,0,46875,0,0,1,0,0,0,0,0
usqrt,40147b,5,0,0,0,46875,0,1,0,6,0,127,1,6
usqrt,40147b,0,1,0,0,46875,0,0,1,0,0,0,0,0
usqrt,40147c,12,0,0,0,46875,0,1,0,6,0,127,1,6
usqrt,40147c,13,0,0,0,46875,0,1,0,11,0,127,1,11
usqrt,401480,19,1,0,0,46875,0,0,1,0,0,0,0,0
usqrt,401480,25,0,0,0,46875,0,1,0,11,0,127,1,11
usqrt,401487,7,0,0,0,46875,0,1,0,11,0,127,1,11
usqrt,401487,4,0,0,0,46875,0,1,0,11,0,127,1,11
usqrt,401489,13,0,0,0,46875,0,1,0,11,0,127,1,11
usqrt,401489,6,0,0,0,46875,0,1,0,6,0,127,1,6
usqrt,40148b,25,0,0,0,46875,0,1,0,6,0,127,1,6
usqrt,40148b,17,0,0,0,46875,0,1,0,6,0,127,1,6
usqrt,401490,4,0,0,0,46875,0,1,0,11,0,127,1,11
usqrt,401490,1,0,0,0,46875,0,1,0,11,0,127,1,11
usqrt,401491,0,0,0,0,46875,0,1,0,11,0,127,1,11
usqrt,401491,1,0,0,0,46875,0,1,0,4,0,127,1,4
usqrt,401492,53,0,0,0,46875,0,1,0,4,0,127,1,4
usqrt,401492,41,0,0,0,46875,0,1,0,4,0,127,1,4
usqrt,401499,19,0,0,0,46875,0,1,0,4,0,127,1,4
usqrt,401499,14,0,0,0,46875,0,1,0,4,0,127,1,4
usqrt,40149c,12,0,0,0,46875,0,1,0,4,0,127,1,4
usqrt,40149c,26,0,0,0,46875,0,1,0,4,0,127,1,4
